no,Channel,IFBundle,IFUseCoupon
1,Mail,Bundle,Yes
2,Mail,Bundle,Yes
3,Mail,Bundle,Yes
4,Mail,Bundle,Yes
5,Mail,Bundle,Yes
6,Mail,Bundle,Yes
7,Mail,Bundle,Yes
8,Mail,Bundle,Yes
9,Mail,Bundle,Yes
10,Mail,Bundle,Yes
11,Mail,Bundle,Yes
12,Mail,Bundle,Yes
13,Mail,Bundle,Yes
14,Mail,Bundle,Yes
15,Mail,Bundle,Yes
16,Mail,Bundle,Yes
17,Mail,Bundle,Yes
18,Mail,Bundle,Yes
19,Mail,Bundle,Yes
20,Mail,Bundle,Yes
21,Mail,Bundle,Yes
22,Mail,Bundle,Yes
23,Mail,Bundle,Yes
24,Mail,Bundle,Yes
25,Mail,Bundle,Yes
26,Mail,Bundle,Yes
27,Mail,Bundle,Yes
28,Mail,Bundle,Yes
29,Mail,Bundle,Yes
30,Mail,Bundle,Yes
31,Mail,Bundle,Yes
32,Mail,Bundle,Yes
33,Mail,Bundle,Yes
34,Mail,Bundle,Yes
35,Mail,Bundle,Yes
36,Mail,Bundle,Yes
37,Mail,Bundle,Yes
38,Mail,Bundle,Yes
39,Mail,Bundle,Yes
40,Mail,Bundle,Yes
41,Mail,Bundle,Yes
42,Mail,Bundle,Yes
43,Mail,Bundle,Yes
44,Mail,Bundle,Yes
45,Mail,Bundle,Yes
46,Mail,Bundle,Yes
47,Mail,Bundle,Yes
48,Mail,Bundle,Yes
49,Mail,Bundle,Yes
50,Mail,Bundle,Yes
51,Mail,Bundle,Yes
52,Mail,Bundle,Yes
53,Mail,Bundle,Yes
54,Mail,Bundle,Yes
55,Mail,Bundle,Yes
56,Mail,Bundle,Yes
57,Mail,Bundle,Yes
58,Mail,Bundle,Yes
59,Mail,Bundle,Yes
60,Mail,Bundle,Yes
61,Mail,Bundle,Yes
62,Mail,Bundle,Yes
63,Mail,Bundle,Yes
64,Mail,Bundle,Yes
65,Mail,Bundle,Yes
66,Mail,Bundle,Yes
67,Mail,Bundle,Yes
68,Mail,Bundle,Yes
69,Mail,Bundle,Yes
70,Mail,Bundle,Yes
71,Mail,Bundle,Yes
72,Mail,Bundle,Yes
73,Mail,Bundle,Yes
74,Mail,Bundle,Yes
75,Mail,Bundle,Yes
76,Mail,Bundle,Yes
77,Mail,Bundle,Yes
78,Mail,Bundle,Yes
79,Mail,Bundle,Yes
80,Mail,Bundle,Yes
81,Mail,Bundle,Yes
82,Mail,Bundle,Yes
83,Mail,Bundle,Yes
84,Mail,Bundle,Yes
85,Mail,Bundle,Yes
86,Mail,Bundle,Yes
87,Mail,Bundle,Yes
88,Mail,Bundle,Yes
89,Mail,Bundle,Yes
90,Mail,Bundle,Yes
91,Mail,Bundle,Yes
92,Mail,Bundle,Yes
93,Mail,Bundle,Yes
94,Mail,Bundle,Yes
95,Mail,Bundle,Yes
96,Mail,Bundle,Yes
97,Mail,Bundle,Yes
98,Mail,Bundle,Yes
99,Mail,Bundle,Yes
100,Mail,Bundle,Yes
101,Mail,Bundle,Yes
102,Mail,Bundle,Yes
103,Mail,Bundle,Yes
104,Mail,Bundle,Yes
105,Mail,Bundle,Yes
106,Mail,Bundle,Yes
107,Mail,Bundle,Yes
108,Mail,Bundle,Yes
109,Mail,Bundle,Yes
110,Mail,Bundle,Yes
111,Mail,Bundle,Yes
112,Mail,Bundle,Yes
113,Mail,Bundle,Yes
114,Mail,Bundle,Yes
115,Mail,Bundle,Yes
116,Mail,Bundle,Yes
117,Mail,Bundle,Yes
118,Mail,Bundle,Yes
119,Mail,Bundle,Yes
120,Mail,Bundle,Yes
121,Mail,Bundle,Yes
122,Mail,Bundle,Yes
123,Mail,Bundle,Yes
124,Mail,Bundle,Yes
125,Mail,Bundle,Yes
126,Mail,Bundle,Yes
127,Mail,Bundle,Yes
128,Mail,Bundle,Yes
129,Mail,Bundle,Yes
130,Mail,Bundle,Yes
131,Mail,Bundle,Yes
132,Mail,Bundle,Yes
133,Mail,Bundle,Yes
134,Mail,Bundle,Yes
135,Mail,Bundle,Yes
136,Mail,Bundle,Yes
137,Mail,Bundle,Yes
138,Mail,Bundle,Yes
139,Mail,Bundle,Yes
140,Mail,Bundle,Yes
141,Mail,Bundle,Yes
142,Mail,Bundle,Yes
143,Mail,Bundle,Yes
144,Mail,Bundle,Yes
145,Mail,Bundle,Yes
146,Mail,Bundle,Yes
147,Mail,Bundle,Yes
148,Mail,Bundle,Yes
149,Mail,Bundle,Yes
150,Mail,Bundle,Yes
151,Mail,Bundle,Yes
152,Mail,Bundle,Yes
153,Mail,Bundle,Yes
154,Mail,Bundle,Yes
155,Mail,Bundle,Yes
156,Mail,Bundle,Yes
157,Mail,Bundle,Yes
158,Mail,Bundle,Yes
159,Mail,Bundle,Yes
160,Mail,Bundle,Yes
161,Mail,Bundle,Yes
162,Mail,Bundle,Yes
163,Mail,Bundle,Yes
164,Mail,Bundle,Yes
165,Mail,Bundle,Yes
166,Mail,Bundle,Yes
167,Mail,Bundle,Yes
168,Mail,Bundle,Yes
169,Mail,Bundle,Yes
170,Mail,Bundle,Yes
171,Mail,Bundle,Yes
172,Mail,Bundle,Yes
173,Mail,Bundle,Yes
174,Mail,Bundle,Yes
175,Mail,Bundle,Yes
176,Mail,Bundle,Yes
177,Mail,Bundle,Yes
178,Mail,Bundle,Yes
179,Mail,Bundle,Yes
180,Mail,Bundle,Yes
181,Mail,Bundle,Yes
182,Mail,Bundle,Yes
183,Mail,Bundle,Yes
184,Mail,Bundle,Yes
185,Mail,Bundle,Yes
186,Mail,Bundle,Yes
187,Mail,Bundle,Yes
188,Mail,Bundle,Yes
189,Mail,Bundle,Yes
190,Mail,Bundle,Yes
191,Mail,Bundle,Yes
192,Mail,Bundle,Yes
193,Mail,Bundle,Yes
194,Mail,Bundle,Yes
195,Mail,Bundle,Yes
196,Mail,Bundle,Yes
197,Mail,Bundle,Yes
198,Mail,Bundle,Yes
199,Mail,Bundle,Yes
200,Mail,Bundle,Yes
201,Mail,Bundle,Yes
202,Mail,Bundle,Yes
203,Mail,Bundle,Yes
204,Mail,Bundle,Yes
205,Mail,Bundle,Yes
206,Mail,Bundle,Yes
207,Mail,Bundle,Yes
208,Mail,Bundle,Yes
209,Mail,Bundle,Yes
210,Mail,Bundle,Yes
211,Mail,Bundle,Yes
212,Mail,Bundle,Yes
213,Mail,Bundle,Yes
214,Mail,Bundle,Yes
215,Mail,Bundle,Yes
216,Mail,Bundle,Yes
217,Mail,Bundle,Yes
218,Mail,Bundle,Yes
219,Mail,Bundle,Yes
220,Mail,Bundle,Yes
221,Mail,Bundle,Yes
222,Mail,Bundle,Yes
223,Mail,Bundle,Yes
224,Mail,Bundle,Yes
225,Mail,Bundle,Yes
226,Mail,Bundle,Yes
227,Mail,Bundle,Yes
228,Mail,Bundle,Yes
229,Mail,Bundle,Yes
230,Mail,Bundle,Yes
231,Mail,Bundle,Yes
232,Mail,Bundle,Yes
233,Mail,Bundle,Yes
234,Mail,Bundle,Yes
235,Mail,Bundle,Yes
236,Mail,Bundle,Yes
237,Mail,Bundle,Yes
238,Mail,Bundle,Yes
239,Mail,Bundle,Yes
240,Mail,Bundle,Yes
241,Mail,Bundle,Yes
242,Mail,Bundle,Yes
243,InPerson,Bundle,Yes
244,InPerson,Bundle,Yes
245,InPerson,Bundle,Yes
246,InPerson,Bundle,Yes
247,InPerson,Bundle,Yes
248,InPerson,Bundle,Yes
249,InPerson,Bundle,Yes
250,InPerson,Bundle,Yes
251,InPerson,Bundle,Yes
252,InPerson,Bundle,Yes
253,InPerson,Bundle,Yes
254,InPerson,Bundle,Yes
255,InPerson,Bundle,Yes
256,InPerson,Bundle,Yes
257,InPerson,Bundle,Yes
258,InPerson,Bundle,Yes
259,InPerson,Bundle,Yes
260,InPerson,Bundle,Yes
261,InPerson,Bundle,Yes
262,InPerson,Bundle,Yes
263,InPerson,Bundle,Yes
264,InPerson,Bundle,Yes
265,InPerson,Bundle,Yes
266,InPerson,Bundle,Yes
267,InPerson,Bundle,Yes
268,InPerson,Bundle,Yes
269,InPerson,Bundle,Yes
270,InPerson,Bundle,Yes
271,InPerson,Bundle,Yes
272,InPerson,Bundle,Yes
273,InPerson,Bundle,Yes
274,InPerson,Bundle,Yes
275,InPerson,Bundle,Yes
276,InPerson,Bundle,Yes
277,InPerson,Bundle,Yes
278,InPerson,Bundle,Yes
279,InPerson,Bundle,Yes
280,InPerson,Bundle,Yes
281,InPerson,Bundle,Yes
282,InPerson,Bundle,Yes
283,InPerson,Bundle,Yes
284,InPerson,Bundle,Yes
285,InPerson,Bundle,Yes
286,InPerson,Bundle,Yes
287,InPerson,Bundle,Yes
288,InPerson,Bundle,Yes
289,InPerson,Bundle,Yes
290,InPerson,Bundle,Yes
291,InPerson,Bundle,Yes
292,InPerson,Bundle,Yes
293,InPerson,Bundle,Yes
294,InPerson,Bundle,Yes
295,InPerson,Bundle,Yes
296,InPerson,Bundle,Yes
297,InPerson,Bundle,Yes
298,InPerson,Bundle,Yes
299,InPerson,Bundle,Yes
300,InPerson,Bundle,Yes
301,InPerson,Bundle,Yes
302,InPerson,Bundle,Yes
303,InPerson,Bundle,Yes
304,InPerson,Bundle,Yes
305,InPerson,Bundle,Yes
306,InPerson,Bundle,Yes
307,InPerson,Bundle,Yes
308,InPerson,Bundle,Yes
309,InPerson,Bundle,Yes
310,InPerson,Bundle,Yes
311,InPerson,Bundle,Yes
312,InPerson,Bundle,Yes
313,InPerson,Bundle,Yes
314,InPerson,Bundle,Yes
315,InPerson,Bundle,Yes
316,InPerson,Bundle,Yes
317,InPerson,Bundle,Yes
318,InPerson,Bundle,Yes
319,InPerson,Bundle,Yes
320,InPerson,Bundle,Yes
321,InPerson,Bundle,Yes
322,InPerson,Bundle,Yes
323,InPerson,Bundle,Yes
324,InPerson,Bundle,Yes
325,InPerson,Bundle,Yes
326,InPerson,Bundle,Yes
327,InPerson,Bundle,Yes
328,InPerson,Bundle,Yes
329,InPerson,Bundle,Yes
330,InPerson,Bundle,Yes
331,InPerson,Bundle,Yes
332,InPerson,Bundle,Yes
333,InPerson,Bundle,Yes
334,InPerson,Bundle,Yes
335,InPerson,Bundle,Yes
336,InPerson,Bundle,Yes
337,InPerson,Bundle,Yes
338,InPerson,Bundle,Yes
339,InPerson,Bundle,Yes
340,InPerson,Bundle,Yes
341,InPerson,Bundle,Yes
342,InPerson,Bundle,Yes
343,InPerson,Bundle,Yes
344,InPerson,Bundle,Yes
345,InPerson,Bundle,Yes
346,InPerson,Bundle,Yes
347,InPerson,Bundle,Yes
348,InPerson,Bundle,Yes
349,InPerson,Bundle,Yes
350,InPerson,Bundle,Yes
351,InPerson,Bundle,Yes
352,InPerson,Bundle,Yes
353,InPerson,Bundle,Yes
354,InPerson,Bundle,Yes
355,InPerson,Bundle,Yes
356,InPerson,Bundle,Yes
357,InPerson,Bundle,Yes
358,InPerson,Bundle,Yes
359,InPerson,Bundle,Yes
360,InPerson,Bundle,Yes
361,InPerson,Bundle,Yes
362,InPerson,Bundle,Yes
363,InPerson,Bundle,Yes
364,InPerson,Bundle,Yes
365,InPerson,Bundle,Yes
366,InPerson,Bundle,Yes
367,InPerson,Bundle,Yes
368,InPerson,Bundle,Yes
369,InPerson,Bundle,Yes
370,InPerson,Bundle,Yes
371,InPerson,Bundle,Yes
372,InPerson,Bundle,Yes
373,InPerson,Bundle,Yes
374,InPerson,Bundle,Yes
375,InPerson,Bundle,Yes
376,InPerson,Bundle,Yes
377,InPerson,Bundle,Yes
378,InPerson,Bundle,Yes
379,InPerson,Bundle,Yes
380,InPerson,Bundle,Yes
381,InPerson,Bundle,Yes
382,InPerson,Bundle,Yes
383,InPerson,Bundle,Yes
384,InPerson,Bundle,Yes
385,InPerson,Bundle,Yes
386,InPerson,Bundle,Yes
387,InPerson,Bundle,Yes
388,InPerson,Bundle,Yes
389,InPerson,Bundle,Yes
390,InPerson,Bundle,Yes
391,InPerson,Bundle,Yes
392,InPerson,Bundle,Yes
393,InPerson,Bundle,Yes
394,InPerson,Bundle,Yes
395,InPerson,Bundle,Yes
396,InPerson,Bundle,Yes
397,InPerson,Bundle,Yes
398,InPerson,Bundle,Yes
399,InPerson,Bundle,Yes
400,InPerson,Bundle,Yes
401,InPerson,Bundle,Yes
402,InPerson,Bundle,Yes
403,InPerson,Bundle,Yes
404,InPerson,Bundle,Yes
405,InPerson,Bundle,Yes
406,InPerson,Bundle,Yes
407,InPerson,Bundle,Yes
408,InPerson,Bundle,Yes
409,InPerson,Bundle,Yes
410,InPerson,Bundle,Yes
411,InPerson,Bundle,Yes
412,InPerson,Bundle,Yes
413,InPerson,Bundle,Yes
414,InPerson,Bundle,Yes
415,InPerson,Bundle,Yes
416,InPerson,Bundle,Yes
417,InPerson,Bundle,Yes
418,InPerson,Bundle,Yes
419,InPerson,Bundle,Yes
420,InPerson,Bundle,Yes
421,InPerson,Bundle,Yes
422,InPerson,Bundle,Yes
423,InPerson,Bundle,Yes
424,InPerson,Bundle,Yes
425,InPerson,Bundle,Yes
426,InPerson,Bundle,Yes
427,InPerson,Bundle,Yes
428,InPerson,Bundle,Yes
429,InPerson,Bundle,Yes
430,InPerson,Bundle,Yes
431,InPerson,Bundle,Yes
432,InPerson,Bundle,Yes
433,InPerson,Bundle,Yes
434,InPerson,Bundle,Yes
435,InPerson,Bundle,Yes
436,InPerson,Bundle,Yes
437,InPerson,Bundle,Yes
438,InPerson,Bundle,Yes
439,InPerson,Bundle,Yes
440,InPerson,Bundle,Yes
441,InPerson,Bundle,Yes
442,InPerson,Bundle,Yes
443,InPerson,Bundle,Yes
444,InPerson,Bundle,Yes
445,InPerson,Bundle,Yes
446,InPerson,Bundle,Yes
447,InPerson,Bundle,Yes
448,InPerson,Bundle,Yes
449,InPerson,Bundle,Yes
450,InPerson,Bundle,Yes
451,InPerson,Bundle,Yes
452,InPerson,Bundle,Yes
453,InPerson,Bundle,Yes
454,InPerson,Bundle,Yes
455,InPerson,Bundle,Yes
456,InPerson,Bundle,Yes
457,InPerson,Bundle,Yes
458,InPerson,Bundle,Yes
459,InPerson,Bundle,Yes
460,InPerson,Bundle,Yes
461,InPerson,Bundle,Yes
462,InPerson,Bundle,Yes
463,InPerson,Bundle,Yes
464,InPerson,Bundle,Yes
465,InPerson,Bundle,Yes
466,InPerson,Bundle,Yes
467,InPerson,Bundle,Yes
468,InPerson,Bundle,Yes
469,InPerson,Bundle,Yes
470,InPerson,Bundle,Yes
471,InPerson,Bundle,Yes
472,InPerson,Bundle,Yes
473,InPerson,Bundle,Yes
474,InPerson,Bundle,Yes
475,InPerson,Bundle,Yes
476,InPerson,Bundle,Yes
477,InPerson,Bundle,Yes
478,InPerson,Bundle,Yes
479,InPerson,Bundle,Yes
480,InPerson,Bundle,Yes
481,InPerson,Bundle,Yes
482,InPerson,Bundle,Yes
483,InPerson,Bundle,Yes
484,InPerson,Bundle,Yes
485,InPerson,Bundle,Yes
486,InPerson,Bundle,Yes
487,InPerson,Bundle,Yes
488,InPerson,Bundle,Yes
489,InPerson,Bundle,Yes
490,InPerson,Bundle,Yes
491,InPerson,Bundle,Yes
492,InPerson,Bundle,Yes
493,InPerson,Bundle,Yes
494,InPerson,Bundle,Yes
495,InPerson,Bundle,Yes
496,InPerson,Bundle,Yes
497,InPerson,Bundle,Yes
498,InPerson,Bundle,Yes
499,InPerson,Bundle,Yes
500,InPerson,Bundle,Yes
501,InPerson,Bundle,Yes
502,InPerson,Bundle,Yes
503,InPerson,Bundle,Yes
504,InPerson,Bundle,Yes
505,InPerson,Bundle,Yes
506,InPerson,Bundle,Yes
507,InPerson,Bundle,Yes
508,InPerson,Bundle,Yes
509,InPerson,Bundle,Yes
510,InPerson,Bundle,Yes
511,InPerson,Bundle,Yes
512,InPerson,Bundle,Yes
513,InPerson,Bundle,Yes
514,InPerson,Bundle,Yes
515,InPerson,Bundle,Yes
516,InPerson,Bundle,Yes
517,InPerson,Bundle,Yes
518,InPerson,Bundle,Yes
519,InPerson,Bundle,Yes
520,InPerson,Bundle,Yes
521,InPerson,Bundle,Yes
522,InPerson,Bundle,Yes
523,InPerson,Bundle,Yes
524,InPerson,Bundle,Yes
525,InPerson,Bundle,Yes
526,InPerson,Bundle,Yes
527,InPerson,Bundle,Yes
528,InPerson,Bundle,Yes
529,InPerson,Bundle,Yes
530,InPerson,Bundle,Yes
531,InPerson,Bundle,Yes
532,InPerson,Bundle,Yes
533,InPerson,Bundle,Yes
534,InPerson,Bundle,Yes
535,InPerson,Bundle,Yes
536,InPerson,Bundle,Yes
537,InPerson,Bundle,Yes
538,InPerson,Bundle,Yes
539,InPerson,Bundle,Yes
540,InPerson,Bundle,Yes
541,InPerson,Bundle,Yes
542,InPerson,Bundle,Yes
543,InPerson,Bundle,Yes
544,InPerson,Bundle,Yes
545,InPerson,Bundle,Yes
546,InPerson,Bundle,Yes
547,InPerson,Bundle,Yes
548,InPerson,Bundle,Yes
549,InPerson,Bundle,Yes
550,InPerson,Bundle,Yes
551,InPerson,Bundle,Yes
552,InPerson,Bundle,Yes
553,InPerson,Bundle,Yes
554,InPerson,Bundle,Yes
555,InPerson,Bundle,Yes
556,InPerson,Bundle,Yes
557,InPerson,Bundle,Yes
558,InPerson,Bundle,Yes
559,InPerson,Bundle,Yes
560,InPerson,Bundle,Yes
561,InPerson,Bundle,Yes
562,InPerson,Bundle,Yes
563,InPerson,Bundle,Yes
564,InPerson,Bundle,Yes
565,InPerson,Bundle,Yes
566,InPerson,Bundle,Yes
567,InPerson,Bundle,Yes
568,InPerson,Bundle,Yes
569,InPerson,Bundle,Yes
570,InPerson,Bundle,Yes
571,InPerson,Bundle,Yes
572,InPerson,Bundle,Yes
573,InPerson,Bundle,Yes
574,InPerson,Bundle,Yes
575,InPerson,Bundle,Yes
576,InPerson,Bundle,Yes
577,InPerson,Bundle,Yes
578,InPerson,Bundle,Yes
579,InPerson,Bundle,Yes
580,InPerson,Bundle,Yes
581,InPerson,Bundle,Yes
582,InPerson,Bundle,Yes
583,InPerson,Bundle,Yes
584,InPerson,Bundle,Yes
585,InPerson,Bundle,Yes
586,InPerson,Bundle,Yes
587,InPerson,Bundle,Yes
588,InPerson,Bundle,Yes
589,InPerson,Bundle,Yes
590,InPerson,Bundle,Yes
591,InPerson,Bundle,Yes
592,InPerson,Bundle,Yes
593,InPerson,Bundle,Yes
594,InPerson,Bundle,Yes
595,InPerson,Bundle,Yes
596,InPerson,Bundle,Yes
597,InPerson,Bundle,Yes
598,InPerson,Bundle,Yes
599,InPerson,Bundle,Yes
600,InPerson,Bundle,Yes
601,InPerson,Bundle,Yes
602,InPerson,Bundle,Yes
603,InPerson,Bundle,Yes
604,InPerson,Bundle,Yes
605,InPerson,Bundle,Yes
606,InPerson,Bundle,Yes
607,InPerson,Bundle,Yes
608,InPerson,Bundle,Yes
609,InPerson,Bundle,Yes
610,InPerson,Bundle,Yes
611,InPerson,Bundle,Yes
612,InPerson,Bundle,Yes
613,InPerson,Bundle,Yes
614,InPerson,Bundle,Yes
615,InPerson,Bundle,Yes
616,InPerson,Bundle,Yes
617,InPerson,Bundle,Yes
618,InPerson,Bundle,Yes
619,InPerson,Bundle,Yes
620,InPerson,Bundle,Yes
621,InPerson,Bundle,Yes
622,InPerson,Bundle,Yes
623,InPerson,Bundle,Yes
624,InPerson,Bundle,Yes
625,InPerson,Bundle,Yes
626,InPerson,Bundle,Yes
627,InPerson,Bundle,Yes
628,InPerson,Bundle,Yes
629,InPerson,Bundle,Yes
630,InPerson,Bundle,Yes
631,InPerson,Bundle,Yes
632,InPerson,Bundle,Yes
633,InPerson,Bundle,Yes
634,InPerson,Bundle,Yes
635,InPerson,Bundle,Yes
636,InPerson,Bundle,Yes
637,InPerson,Bundle,Yes
638,InPerson,Bundle,Yes
639,InPerson,Bundle,Yes
640,InPerson,Bundle,Yes
641,InPerson,Bundle,Yes
642,InPerson,Bundle,Yes
643,InPerson,Bundle,Yes
644,InPerson,Bundle,Yes
645,InPerson,Bundle,Yes
646,InPerson,Bundle,Yes
647,InPerson,Bundle,Yes
648,InPerson,Bundle,Yes
649,InPerson,Bundle,Yes
650,InPerson,Bundle,Yes
651,InPerson,Bundle,Yes
652,InPerson,Bundle,Yes
653,InPerson,Bundle,Yes
654,InPerson,Bundle,Yes
655,InPerson,Bundle,Yes
656,InPerson,Bundle,Yes
657,InPerson,Bundle,Yes
658,InPerson,Bundle,Yes
659,InPerson,Bundle,Yes
660,InPerson,Bundle,Yes
661,InPerson,Bundle,Yes
662,InPerson,Bundle,Yes
663,InPerson,Bundle,Yes
664,InPerson,Bundle,Yes
665,InPerson,Bundle,Yes
666,InPerson,Bundle,Yes
667,InPerson,Bundle,Yes
668,InPerson,Bundle,Yes
669,InPerson,Bundle,Yes
670,InPerson,Bundle,Yes
671,InPerson,Bundle,Yes
672,InPerson,Bundle,Yes
673,InPerson,Bundle,Yes
674,InPerson,Bundle,Yes
675,InPerson,Bundle,Yes
676,InPerson,Bundle,Yes
677,InPerson,Bundle,Yes
678,InPerson,Bundle,Yes
679,InPerson,Bundle,Yes
680,InPerson,Bundle,Yes
681,InPerson,Bundle,Yes
682,InPerson,Bundle,Yes
683,InPerson,Bundle,Yes
684,InPerson,Bundle,Yes
685,InPerson,Bundle,Yes
686,InPerson,Bundle,Yes
687,InPerson,Bundle,Yes
688,InPerson,Bundle,Yes
689,InPerson,Bundle,Yes
690,InPerson,Bundle,Yes
691,InPerson,Bundle,Yes
692,InPerson,Bundle,Yes
693,InPerson,Bundle,Yes
694,InPerson,Bundle,Yes
695,InPerson,Bundle,Yes
696,InPerson,Bundle,Yes
697,InPerson,Bundle,Yes
698,InPerson,Bundle,Yes
699,InPerson,Bundle,Yes
700,InPerson,Bundle,Yes
701,InPerson,Bundle,Yes
702,InPerson,Bundle,Yes
703,InPerson,Bundle,Yes
704,InPerson,Bundle,Yes
705,InPerson,Bundle,Yes
706,InPerson,Bundle,Yes
707,InPerson,Bundle,Yes
708,InPerson,Bundle,Yes
709,InPerson,Bundle,Yes
710,InPerson,Bundle,Yes
711,InPerson,Bundle,Yes
712,InPerson,Bundle,Yes
713,InPerson,Bundle,Yes
714,InPerson,Bundle,Yes
715,InPerson,Bundle,Yes
716,InPerson,Bundle,Yes
717,InPerson,Bundle,Yes
718,InPerson,Bundle,Yes
719,InPerson,Bundle,Yes
720,InPerson,Bundle,Yes
721,InPerson,Bundle,Yes
722,InPerson,Bundle,Yes
723,InPerson,Bundle,Yes
724,InPerson,Bundle,Yes
725,InPerson,Bundle,Yes
726,InPerson,Bundle,Yes
727,InPerson,Bundle,Yes
728,InPerson,Bundle,Yes
729,InPerson,Bundle,Yes
730,InPerson,Bundle,Yes
731,InPerson,Bundle,Yes
732,InPerson,Bundle,Yes
733,InPerson,Bundle,Yes
734,InPerson,Bundle,Yes
735,InPerson,Bundle,Yes
736,InPerson,Bundle,Yes
737,InPerson,Bundle,Yes
738,InPerson,Bundle,Yes
739,InPerson,Bundle,Yes
740,InPerson,Bundle,Yes
741,InPerson,Bundle,Yes
742,InPerson,Bundle,Yes
743,InPerson,Bundle,Yes
744,InPerson,Bundle,Yes
745,InPerson,Bundle,Yes
746,InPerson,Bundle,Yes
747,InPerson,Bundle,Yes
748,InPerson,Bundle,Yes
749,InPerson,Bundle,Yes
750,InPerson,Bundle,Yes
751,InPerson,Bundle,Yes
752,InPerson,Bundle,Yes
753,InPerson,Bundle,Yes
754,InPerson,Bundle,Yes
755,InPerson,Bundle,Yes
756,InPerson,Bundle,Yes
757,InPerson,Bundle,Yes
758,InPerson,Bundle,Yes
759,InPerson,Bundle,Yes
760,InPerson,Bundle,Yes
761,InPerson,Bundle,Yes
762,InPerson,Bundle,Yes
763,InPerson,Bundle,Yes
764,InPerson,Bundle,Yes
765,InPerson,Bundle,Yes
766,InPerson,Bundle,Yes
767,InPerson,Bundle,Yes
768,InPerson,Bundle,Yes
769,InPerson,Bundle,Yes
770,InPerson,Bundle,Yes
771,InPerson,Bundle,Yes
772,InPerson,Bundle,Yes
773,InPerson,Bundle,Yes
774,InPerson,Bundle,Yes
775,InPerson,Bundle,Yes
776,InPerson,Bundle,Yes
777,InPerson,Bundle,Yes
778,InPerson,Bundle,Yes
779,InPerson,Bundle,Yes
780,InPerson,Bundle,Yes
781,InPerson,Bundle,Yes
782,InPerson,Bundle,Yes
783,InPerson,Bundle,Yes
784,InPerson,Bundle,Yes
785,InPerson,Bundle,Yes
786,InPerson,Bundle,Yes
787,InPerson,Bundle,Yes
788,InPerson,Bundle,Yes
789,InPerson,Bundle,Yes
790,InPerson,Bundle,Yes
791,InPerson,Bundle,Yes
792,InPerson,Bundle,Yes
793,InPerson,Bundle,Yes
794,InPerson,Bundle,Yes
795,InPerson,Bundle,Yes
796,InPerson,Bundle,Yes
797,InPerson,Bundle,Yes
798,InPerson,Bundle,Yes
799,InPerson,Bundle,Yes
800,InPerson,Bundle,Yes
801,InPerson,Bundle,Yes
802,InPerson,Bundle,Yes
803,InPerson,Bundle,Yes
804,InPerson,Bundle,Yes
805,InPerson,Bundle,Yes
806,InPerson,Bundle,Yes
807,InPerson,Bundle,Yes
808,InPerson,Bundle,Yes
809,InPerson,Bundle,Yes
810,InPerson,Bundle,Yes
811,InPerson,Bundle,Yes
812,InPerson,Bundle,Yes
813,InPerson,Bundle,Yes
814,InPerson,Bundle,Yes
815,InPerson,Bundle,Yes
816,InPerson,Bundle,Yes
817,InPerson,Bundle,Yes
818,InPerson,Bundle,Yes
819,InPerson,Bundle,Yes
820,InPerson,Bundle,Yes
821,InPerson,Bundle,Yes
822,InPerson,Bundle,Yes
823,InPerson,Bundle,Yes
824,InPerson,Bundle,Yes
825,InPerson,Bundle,Yes
826,InPerson,Bundle,Yes
827,InPerson,Bundle,Yes
828,InPerson,Bundle,Yes
829,InPerson,Bundle,Yes
830,InPerson,Bundle,Yes
831,InPerson,Bundle,Yes
832,InPerson,Bundle,Yes
833,InPerson,Bundle,Yes
834,InPerson,Bundle,Yes
835,InPerson,Bundle,Yes
836,InPerson,Bundle,Yes
837,InPerson,Bundle,Yes
838,InPerson,Bundle,Yes
839,InPerson,Bundle,Yes
840,InPerson,Bundle,Yes
841,InPerson,Bundle,Yes
842,InPerson,Bundle,Yes
843,InPerson,Bundle,Yes
844,InPerson,Bundle,Yes
845,InPerson,Bundle,Yes
846,InPerson,Bundle,Yes
847,InPerson,Bundle,Yes
848,InPerson,Bundle,Yes
849,InPerson,Bundle,Yes
850,InPerson,Bundle,Yes
851,InPerson,Bundle,Yes
852,InPerson,Bundle,Yes
853,InPerson,Bundle,Yes
854,InPerson,Bundle,Yes
855,InPerson,Bundle,Yes
856,InPerson,Bundle,Yes
857,InPerson,Bundle,Yes
858,InPerson,Bundle,Yes
859,InPerson,Bundle,Yes
860,InPerson,Bundle,Yes
861,InPerson,Bundle,Yes
862,InPerson,Bundle,Yes
863,InPerson,Bundle,Yes
864,InPerson,Bundle,Yes
865,InPerson,Bundle,Yes
866,InPerson,Bundle,Yes
867,InPerson,Bundle,Yes
868,InPerson,Bundle,Yes
869,InPerson,Bundle,Yes
870,InPerson,Bundle,Yes
871,InPerson,Bundle,Yes
872,InPerson,Bundle,Yes
873,InPerson,Bundle,Yes
874,InPerson,Bundle,Yes
875,InPerson,Bundle,Yes
876,InPerson,Bundle,Yes
877,InPerson,Bundle,Yes
878,InPerson,Bundle,Yes
879,InPerson,Bundle,Yes
880,InPerson,Bundle,Yes
881,InPerson,Bundle,Yes
882,Email,Bundle,Yes
883,Email,Bundle,Yes
884,Email,Bundle,Yes
885,Email,Bundle,Yes
886,Email,Bundle,Yes
887,Email,Bundle,Yes
888,Email,Bundle,Yes
889,Email,Bundle,Yes
890,Email,Bundle,Yes
891,Email,Bundle,Yes
892,Email,Bundle,Yes
893,Email,Bundle,Yes
894,Email,Bundle,Yes
895,Email,Bundle,Yes
896,Email,Bundle,Yes
897,Email,Bundle,Yes
898,Email,Bundle,Yes
899,Email,Bundle,Yes
900,Email,Bundle,Yes
901,Email,Bundle,Yes
902,Email,Bundle,Yes
903,Email,Bundle,Yes
904,Email,Bundle,Yes
905,Email,Bundle,Yes
906,Email,Bundle,Yes
907,Email,Bundle,Yes
908,Email,Bundle,Yes
909,Email,Bundle,Yes
910,Email,Bundle,Yes
911,Email,Bundle,Yes
912,Email,Bundle,Yes
913,Email,Bundle,Yes
914,Email,Bundle,Yes
915,Email,Bundle,Yes
916,Email,Bundle,Yes
917,Email,Bundle,Yes
918,Email,Bundle,Yes
919,Email,Bundle,Yes
920,Mail,NoBundle,Yes
921,Mail,NoBundle,Yes
922,Mail,NoBundle,Yes
923,Mail,NoBundle,Yes
924,Mail,NoBundle,Yes
925,Mail,NoBundle,Yes
926,Mail,NoBundle,Yes
927,Mail,NoBundle,Yes
928,Mail,NoBundle,Yes
929,Mail,NoBundle,Yes
930,Mail,NoBundle,Yes
931,Mail,NoBundle,Yes
932,Mail,NoBundle,Yes
933,Mail,NoBundle,Yes
934,Mail,NoBundle,Yes
935,Mail,NoBundle,Yes
936,Mail,NoBundle,Yes
937,Mail,NoBundle,Yes
938,Mail,NoBundle,Yes
939,Mail,NoBundle,Yes
940,Mail,NoBundle,Yes
941,Mail,NoBundle,Yes
942,Mail,NoBundle,Yes
943,Mail,NoBundle,Yes
944,Mail,NoBundle,Yes
945,Mail,NoBundle,Yes
946,Mail,NoBundle,Yes
947,Mail,NoBundle,Yes
948,Mail,NoBundle,Yes
949,Mail,NoBundle,Yes
950,Mail,NoBundle,Yes
951,Mail,NoBundle,Yes
952,Mail,NoBundle,Yes
953,Mail,NoBundle,Yes
954,Mail,NoBundle,Yes
955,Mail,NoBundle,Yes
956,Mail,NoBundle,Yes
957,Mail,NoBundle,Yes
958,Mail,NoBundle,Yes
959,Mail,NoBundle,Yes
960,Mail,NoBundle,Yes
961,Mail,NoBundle,Yes
962,Mail,NoBundle,Yes
963,Mail,NoBundle,Yes
964,Mail,NoBundle,Yes
965,Mail,NoBundle,Yes
966,Mail,NoBundle,Yes
967,Mail,NoBundle,Yes
968,Mail,NoBundle,Yes
969,Mail,NoBundle,Yes
970,Mail,NoBundle,Yes
971,Mail,NoBundle,Yes
972,Mail,NoBundle,Yes
973,Mail,NoBundle,Yes
974,Mail,NoBundle,Yes
975,Mail,NoBundle,Yes
976,Mail,NoBundle,Yes
977,Mail,NoBundle,Yes
978,Mail,NoBundle,Yes
979,Mail,NoBundle,Yes
980,Mail,NoBundle,Yes
981,Mail,NoBundle,Yes
982,Mail,NoBundle,Yes
983,Mail,NoBundle,Yes
984,Mail,NoBundle,Yes
985,Mail,NoBundle,Yes
986,Mail,NoBundle,Yes
987,Mail,NoBundle,Yes
988,Mail,NoBundle,Yes
989,Mail,NoBundle,Yes
990,Mail,NoBundle,Yes
991,Mail,NoBundle,Yes
992,Mail,NoBundle,Yes
993,Mail,NoBundle,Yes
994,Mail,NoBundle,Yes
995,Mail,NoBundle,Yes
996,Mail,NoBundle,Yes
997,Mail,NoBundle,Yes
998,Mail,NoBundle,Yes
999,Mail,NoBundle,Yes
1000,Mail,NoBundle,Yes
1001,Mail,NoBundle,Yes
1002,Mail,NoBundle,Yes
1003,Mail,NoBundle,Yes
1004,Mail,NoBundle,Yes
1005,Mail,NoBundle,Yes
1006,Mail,NoBundle,Yes
1007,Mail,NoBundle,Yes
1008,Mail,NoBundle,Yes
1009,Mail,NoBundle,Yes
1010,Mail,NoBundle,Yes
1011,Mail,NoBundle,Yes
1012,Mail,NoBundle,Yes
1013,Mail,NoBundle,Yes
1014,Mail,NoBundle,Yes
1015,Mail,NoBundle,Yes
1016,Mail,NoBundle,Yes
1017,Mail,NoBundle,Yes
1018,Mail,NoBundle,Yes
1019,Mail,NoBundle,Yes
1020,Mail,NoBundle,Yes
1021,Mail,NoBundle,Yes
1022,Mail,NoBundle,Yes
1023,Mail,NoBundle,Yes
1024,Mail,NoBundle,Yes
1025,Mail,NoBundle,Yes
1026,Mail,NoBundle,Yes
1027,Mail,NoBundle,Yes
1028,Mail,NoBundle,Yes
1029,Mail,NoBundle,Yes
1030,Mail,NoBundle,Yes
1031,Mail,NoBundle,Yes
1032,Mail,NoBundle,Yes
1033,Mail,NoBundle,Yes
1034,Mail,NoBundle,Yes
1035,Mail,NoBundle,Yes
1036,Mail,NoBundle,Yes
1037,Mail,NoBundle,Yes
1038,Mail,NoBundle,Yes
1039,Mail,NoBundle,Yes
1040,Mail,NoBundle,Yes
1041,Mail,NoBundle,Yes
1042,Mail,NoBundle,Yes
1043,Mail,NoBundle,Yes
1044,Mail,NoBundle,Yes
1045,Mail,NoBundle,Yes
1046,Mail,NoBundle,Yes
1047,Mail,NoBundle,Yes
1048,Mail,NoBundle,Yes
1049,Mail,NoBundle,Yes
1050,Mail,NoBundle,Yes
1051,Mail,NoBundle,Yes
1052,Mail,NoBundle,Yes
1053,Mail,NoBundle,Yes
1054,Mail,NoBundle,Yes
1055,Mail,NoBundle,Yes
1056,Mail,NoBundle,Yes
1057,Mail,NoBundle,Yes
1058,Mail,NoBundle,Yes
1059,Mail,NoBundle,Yes
1060,Mail,NoBundle,Yes
1061,Mail,NoBundle,Yes
1062,Mail,NoBundle,Yes
1063,Mail,NoBundle,Yes
1064,Mail,NoBundle,Yes
1065,Mail,NoBundle,Yes
1066,Mail,NoBundle,Yes
1067,Mail,NoBundle,Yes
1068,Mail,NoBundle,Yes
1069,Mail,NoBundle,Yes
1070,Mail,NoBundle,Yes
1071,Mail,NoBundle,Yes
1072,Mail,NoBundle,Yes
1073,Mail,NoBundle,Yes
1074,Mail,NoBundle,Yes
1075,Mail,NoBundle,Yes
1076,Mail,NoBundle,Yes
1077,Mail,NoBundle,Yes
1078,Mail,NoBundle,Yes
1079,Mail,NoBundle,Yes
1080,Mail,NoBundle,Yes
1081,Mail,NoBundle,Yes
1082,Mail,NoBundle,Yes
1083,Mail,NoBundle,Yes
1084,Mail,NoBundle,Yes
1085,Mail,NoBundle,Yes
1086,Mail,NoBundle,Yes
1087,Mail,NoBundle,Yes
1088,Mail,NoBundle,Yes
1089,Mail,NoBundle,Yes
1090,Mail,NoBundle,Yes
1091,Mail,NoBundle,Yes
1092,Mail,NoBundle,Yes
1093,Mail,NoBundle,Yes
1094,Mail,NoBundle,Yes
1095,Mail,NoBundle,Yes
1096,Mail,NoBundle,Yes
1097,Mail,NoBundle,Yes
1098,Mail,NoBundle,Yes
1099,Mail,NoBundle,Yes
1100,Mail,NoBundle,Yes
1101,Mail,NoBundle,Yes
1102,Mail,NoBundle,Yes
1103,Mail,NoBundle,Yes
1104,Mail,NoBundle,Yes
1105,Mail,NoBundle,Yes
1106,Mail,NoBundle,Yes
1107,Mail,NoBundle,Yes
1108,Mail,NoBundle,Yes
1109,Mail,NoBundle,Yes
1110,Mail,NoBundle,Yes
1111,Mail,NoBundle,Yes
1112,Mail,NoBundle,Yes
1113,Mail,NoBundle,Yes
1114,Mail,NoBundle,Yes
1115,Mail,NoBundle,Yes
1116,Mail,NoBundle,Yes
1117,Mail,NoBundle,Yes
1118,Mail,NoBundle,Yes
1119,Mail,NoBundle,Yes
1120,Mail,NoBundle,Yes
1121,Mail,NoBundle,Yes
1122,Mail,NoBundle,Yes
1123,Mail,NoBundle,Yes
1124,Mail,NoBundle,Yes
1125,Mail,NoBundle,Yes
1126,Mail,NoBundle,Yes
1127,Mail,NoBundle,Yes
1128,Mail,NoBundle,Yes
1129,Mail,NoBundle,Yes
1130,Mail,NoBundle,Yes
1131,Mail,NoBundle,Yes
1132,Mail,NoBundle,Yes
1133,Mail,NoBundle,Yes
1134,Mail,NoBundle,Yes
1135,Mail,NoBundle,Yes
1136,Mail,NoBundle,Yes
1137,Mail,NoBundle,Yes
1138,Mail,NoBundle,Yes
1139,Mail,NoBundle,Yes
1140,Mail,NoBundle,Yes
1141,Mail,NoBundle,Yes
1142,Mail,NoBundle,Yes
1143,Mail,NoBundle,Yes
1144,Mail,NoBundle,Yes
1145,Mail,NoBundle,Yes
1146,Mail,NoBundle,Yes
1147,Mail,NoBundle,Yes
1148,Mail,NoBundle,Yes
1149,Mail,NoBundle,Yes
1150,Mail,NoBundle,Yes
1151,Mail,NoBundle,Yes
1152,Mail,NoBundle,Yes
1153,Mail,NoBundle,Yes
1154,Mail,NoBundle,Yes
1155,Mail,NoBundle,Yes
1156,Mail,NoBundle,Yes
1157,Mail,NoBundle,Yes
1158,Mail,NoBundle,Yes
1159,Mail,NoBundle,Yes
1160,Mail,NoBundle,Yes
1161,Mail,NoBundle,Yes
1162,Mail,NoBundle,Yes
1163,Mail,NoBundle,Yes
1164,Mail,NoBundle,Yes
1165,Mail,NoBundle,Yes
1166,Mail,NoBundle,Yes
1167,Mail,NoBundle,Yes
1168,Mail,NoBundle,Yes
1169,Mail,NoBundle,Yes
1170,Mail,NoBundle,Yes
1171,Mail,NoBundle,Yes
1172,Mail,NoBundle,Yes
1173,Mail,NoBundle,Yes
1174,Mail,NoBundle,Yes
1175,Mail,NoBundle,Yes
1176,Mail,NoBundle,Yes
1177,Mail,NoBundle,Yes
1178,Mail,NoBundle,Yes
1179,Mail,NoBundle,Yes
1180,Mail,NoBundle,Yes
1181,Mail,NoBundle,Yes
1182,Mail,NoBundle,Yes
1183,Mail,NoBundle,Yes
1184,Mail,NoBundle,Yes
1185,Mail,NoBundle,Yes
1186,Mail,NoBundle,Yes
1187,Mail,NoBundle,Yes
1188,Mail,NoBundle,Yes
1189,Mail,NoBundle,Yes
1190,Mail,NoBundle,Yes
1191,Mail,NoBundle,Yes
1192,Mail,NoBundle,Yes
1193,Mail,NoBundle,Yes
1194,Mail,NoBundle,Yes
1195,Mail,NoBundle,Yes
1196,Mail,NoBundle,Yes
1197,Mail,NoBundle,Yes
1198,Mail,NoBundle,Yes
1199,Mail,NoBundle,Yes
1200,Mail,NoBundle,Yes
1201,Mail,NoBundle,Yes
1202,Mail,NoBundle,Yes
1203,Mail,NoBundle,Yes
1204,Mail,NoBundle,Yes
1205,Mail,NoBundle,Yes
1206,Mail,NoBundle,Yes
1207,Mail,NoBundle,Yes
1208,Mail,NoBundle,Yes
1209,Mail,NoBundle,Yes
1210,Mail,NoBundle,Yes
1211,Mail,NoBundle,Yes
1212,Mail,NoBundle,Yes
1213,Mail,NoBundle,Yes
1214,Mail,NoBundle,Yes
1215,Mail,NoBundle,Yes
1216,Mail,NoBundle,Yes
1217,Mail,NoBundle,Yes
1218,Mail,NoBundle,Yes
1219,Mail,NoBundle,Yes
1220,Mail,NoBundle,Yes
1221,Mail,NoBundle,Yes
1222,Mail,NoBundle,Yes
1223,Mail,NoBundle,Yes
1224,Mail,NoBundle,Yes
1225,Mail,NoBundle,Yes
1226,Mail,NoBundle,Yes
1227,Mail,NoBundle,Yes
1228,Mail,NoBundle,Yes
1229,Mail,NoBundle,Yes
1230,Mail,NoBundle,Yes
1231,Mail,NoBundle,Yes
1232,Mail,NoBundle,Yes
1233,Mail,NoBundle,Yes
1234,Mail,NoBundle,Yes
1235,Mail,NoBundle,Yes
1236,Mail,NoBundle,Yes
1237,Mail,NoBundle,Yes
1238,Mail,NoBundle,Yes
1239,Mail,NoBundle,Yes
1240,Mail,NoBundle,Yes
1241,Mail,NoBundle,Yes
1242,Mail,NoBundle,Yes
1243,Mail,NoBundle,Yes
1244,Mail,NoBundle,Yes
1245,Mail,NoBundle,Yes
1246,Mail,NoBundle,Yes
1247,Mail,NoBundle,Yes
1248,Mail,NoBundle,Yes
1249,Mail,NoBundle,Yes
1250,Mail,NoBundle,Yes
1251,Mail,NoBundle,Yes
1252,Mail,NoBundle,Yes
1253,Mail,NoBundle,Yes
1254,Mail,NoBundle,Yes
1255,Mail,NoBundle,Yes
1256,Mail,NoBundle,Yes
1257,Mail,NoBundle,Yes
1258,Mail,NoBundle,Yes
1259,Mail,NoBundle,Yes
1260,Mail,NoBundle,Yes
1261,Mail,NoBundle,Yes
1262,Mail,NoBundle,Yes
1263,Mail,NoBundle,Yes
1264,Mail,NoBundle,Yes
1265,Mail,NoBundle,Yes
1266,Mail,NoBundle,Yes
1267,Mail,NoBundle,Yes
1268,Mail,NoBundle,Yes
1269,Mail,NoBundle,Yes
1270,Mail,NoBundle,Yes
1271,Mail,NoBundle,Yes
1272,Mail,NoBundle,Yes
1273,Mail,NoBundle,Yes
1274,Mail,NoBundle,Yes
1275,Mail,NoBundle,Yes
1276,Mail,NoBundle,Yes
1277,Mail,NoBundle,Yes
1278,Mail,NoBundle,Yes
1279,InPerson,NoBundle,Yes
1280,InPerson,NoBundle,Yes
1281,InPerson,NoBundle,Yes
1282,InPerson,NoBundle,Yes
1283,InPerson,NoBundle,Yes
1284,InPerson,NoBundle,Yes
1285,InPerson,NoBundle,Yes
1286,InPerson,NoBundle,Yes
1287,InPerson,NoBundle,Yes
1288,InPerson,NoBundle,Yes
1289,InPerson,NoBundle,Yes
1290,InPerson,NoBundle,Yes
1291,InPerson,NoBundle,Yes
1292,InPerson,NoBundle,Yes
1293,InPerson,NoBundle,Yes
1294,InPerson,NoBundle,Yes
1295,InPerson,NoBundle,Yes
1296,InPerson,NoBundle,Yes
1297,InPerson,NoBundle,Yes
1298,InPerson,NoBundle,Yes
1299,InPerson,NoBundle,Yes
1300,InPerson,NoBundle,Yes
1301,InPerson,NoBundle,Yes
1302,InPerson,NoBundle,Yes
1303,InPerson,NoBundle,Yes
1304,InPerson,NoBundle,Yes
1305,InPerson,NoBundle,Yes
1306,InPerson,NoBundle,Yes
1307,InPerson,NoBundle,Yes
1308,InPerson,NoBundle,Yes
1309,InPerson,NoBundle,Yes
1310,InPerson,NoBundle,Yes
1311,InPerson,NoBundle,Yes
1312,InPerson,NoBundle,Yes
1313,InPerson,NoBundle,Yes
1314,InPerson,NoBundle,Yes
1315,InPerson,NoBundle,Yes
1316,InPerson,NoBundle,Yes
1317,InPerson,NoBundle,Yes
1318,InPerson,NoBundle,Yes
1319,InPerson,NoBundle,Yes
1320,InPerson,NoBundle,Yes
1321,InPerson,NoBundle,Yes
1322,InPerson,NoBundle,Yes
1323,InPerson,NoBundle,Yes
1324,InPerson,NoBundle,Yes
1325,InPerson,NoBundle,Yes
1326,InPerson,NoBundle,Yes
1327,InPerson,NoBundle,Yes
1328,InPerson,NoBundle,Yes
1329,InPerson,NoBundle,Yes
1330,InPerson,NoBundle,Yes
1331,InPerson,NoBundle,Yes
1332,InPerson,NoBundle,Yes
1333,InPerson,NoBundle,Yes
1334,InPerson,NoBundle,Yes
1335,InPerson,NoBundle,Yes
1336,InPerson,NoBundle,Yes
1337,InPerson,NoBundle,Yes
1338,InPerson,NoBundle,Yes
1339,InPerson,NoBundle,Yes
1340,InPerson,NoBundle,Yes
1341,InPerson,NoBundle,Yes
1342,InPerson,NoBundle,Yes
1343,InPerson,NoBundle,Yes
1344,InPerson,NoBundle,Yes
1345,InPerson,NoBundle,Yes
1346,InPerson,NoBundle,Yes
1347,InPerson,NoBundle,Yes
1348,InPerson,NoBundle,Yes
1349,InPerson,NoBundle,Yes
1350,InPerson,NoBundle,Yes
1351,InPerson,NoBundle,Yes
1352,InPerson,NoBundle,Yes
1353,InPerson,NoBundle,Yes
1354,InPerson,NoBundle,Yes
1355,InPerson,NoBundle,Yes
1356,InPerson,NoBundle,Yes
1357,InPerson,NoBundle,Yes
1358,InPerson,NoBundle,Yes
1359,InPerson,NoBundle,Yes
1360,InPerson,NoBundle,Yes
1361,InPerson,NoBundle,Yes
1362,InPerson,NoBundle,Yes
1363,InPerson,NoBundle,Yes
1364,InPerson,NoBundle,Yes
1365,InPerson,NoBundle,Yes
1366,InPerson,NoBundle,Yes
1367,InPerson,NoBundle,Yes
1368,InPerson,NoBundle,Yes
1369,InPerson,NoBundle,Yes
1370,InPerson,NoBundle,Yes
1371,InPerson,NoBundle,Yes
1372,InPerson,NoBundle,Yes
1373,InPerson,NoBundle,Yes
1374,InPerson,NoBundle,Yes
1375,InPerson,NoBundle,Yes
1376,InPerson,NoBundle,Yes
1377,InPerson,NoBundle,Yes
1378,InPerson,NoBundle,Yes
1379,InPerson,NoBundle,Yes
1380,InPerson,NoBundle,Yes
1381,InPerson,NoBundle,Yes
1382,InPerson,NoBundle,Yes
1383,InPerson,NoBundle,Yes
1384,InPerson,NoBundle,Yes
1385,InPerson,NoBundle,Yes
1386,InPerson,NoBundle,Yes
1387,InPerson,NoBundle,Yes
1388,InPerson,NoBundle,Yes
1389,InPerson,NoBundle,Yes
1390,InPerson,NoBundle,Yes
1391,InPerson,NoBundle,Yes
1392,InPerson,NoBundle,Yes
1393,InPerson,NoBundle,Yes
1394,InPerson,NoBundle,Yes
1395,InPerson,NoBundle,Yes
1396,InPerson,NoBundle,Yes
1397,InPerson,NoBundle,Yes
1398,InPerson,NoBundle,Yes
1399,InPerson,NoBundle,Yes
1400,InPerson,NoBundle,Yes
1401,InPerson,NoBundle,Yes
1402,InPerson,NoBundle,Yes
1403,InPerson,NoBundle,Yes
1404,InPerson,NoBundle,Yes
1405,InPerson,NoBundle,Yes
1406,InPerson,NoBundle,Yes
1407,InPerson,NoBundle,Yes
1408,InPerson,NoBundle,Yes
1409,InPerson,NoBundle,Yes
1410,InPerson,NoBundle,Yes
1411,InPerson,NoBundle,Yes
1412,InPerson,NoBundle,Yes
1413,InPerson,NoBundle,Yes
1414,InPerson,NoBundle,Yes
1415,InPerson,NoBundle,Yes
1416,InPerson,NoBundle,Yes
1417,InPerson,NoBundle,Yes
1418,InPerson,NoBundle,Yes
1419,InPerson,NoBundle,Yes
1420,InPerson,NoBundle,Yes
1421,InPerson,NoBundle,Yes
1422,InPerson,NoBundle,Yes
1423,InPerson,NoBundle,Yes
1424,InPerson,NoBundle,Yes
1425,InPerson,NoBundle,Yes
1426,InPerson,NoBundle,Yes
1427,InPerson,NoBundle,Yes
1428,InPerson,NoBundle,Yes
1429,InPerson,NoBundle,Yes
1430,InPerson,NoBundle,Yes
1431,InPerson,NoBundle,Yes
1432,InPerson,NoBundle,Yes
1433,InPerson,NoBundle,Yes
1434,InPerson,NoBundle,Yes
1435,InPerson,NoBundle,Yes
1436,InPerson,NoBundle,Yes
1437,InPerson,NoBundle,Yes
1438,InPerson,NoBundle,Yes
1439,InPerson,NoBundle,Yes
1440,InPerson,NoBundle,Yes
1441,InPerson,NoBundle,Yes
1442,InPerson,NoBundle,Yes
1443,InPerson,NoBundle,Yes
1444,InPerson,NoBundle,Yes
1445,InPerson,NoBundle,Yes
1446,InPerson,NoBundle,Yes
1447,InPerson,NoBundle,Yes
1448,InPerson,NoBundle,Yes
1449,InPerson,NoBundle,Yes
1450,InPerson,NoBundle,Yes
1451,InPerson,NoBundle,Yes
1452,InPerson,NoBundle,Yes
1453,InPerson,NoBundle,Yes
1454,InPerson,NoBundle,Yes
1455,InPerson,NoBundle,Yes
1456,InPerson,NoBundle,Yes
1457,InPerson,NoBundle,Yes
1458,InPerson,NoBundle,Yes
1459,InPerson,NoBundle,Yes
1460,InPerson,NoBundle,Yes
1461,InPerson,NoBundle,Yes
1462,InPerson,NoBundle,Yes
1463,InPerson,NoBundle,Yes
1464,InPerson,NoBundle,Yes
1465,InPerson,NoBundle,Yes
1466,InPerson,NoBundle,Yes
1467,InPerson,NoBundle,Yes
1468,InPerson,NoBundle,Yes
1469,InPerson,NoBundle,Yes
1470,InPerson,NoBundle,Yes
1471,InPerson,NoBundle,Yes
1472,InPerson,NoBundle,Yes
1473,InPerson,NoBundle,Yes
1474,InPerson,NoBundle,Yes
1475,InPerson,NoBundle,Yes
1476,InPerson,NoBundle,Yes
1477,InPerson,NoBundle,Yes
1478,InPerson,NoBundle,Yes
1479,InPerson,NoBundle,Yes
1480,InPerson,NoBundle,Yes
1481,InPerson,NoBundle,Yes
1482,InPerson,NoBundle,Yes
1483,InPerson,NoBundle,Yes
1484,InPerson,NoBundle,Yes
1485,InPerson,NoBundle,Yes
1486,InPerson,NoBundle,Yes
1487,InPerson,NoBundle,Yes
1488,InPerson,NoBundle,Yes
1489,InPerson,NoBundle,Yes
1490,InPerson,NoBundle,Yes
1491,InPerson,NoBundle,Yes
1492,InPerson,NoBundle,Yes
1493,InPerson,NoBundle,Yes
1494,InPerson,NoBundle,Yes
1495,InPerson,NoBundle,Yes
1496,InPerson,NoBundle,Yes
1497,InPerson,NoBundle,Yes
1498,InPerson,NoBundle,Yes
1499,InPerson,NoBundle,Yes
1500,InPerson,NoBundle,Yes
1501,InPerson,NoBundle,Yes
1502,InPerson,NoBundle,Yes
1503,InPerson,NoBundle,Yes
1504,InPerson,NoBundle,Yes
1505,InPerson,NoBundle,Yes
1506,InPerson,NoBundle,Yes
1507,InPerson,NoBundle,Yes
1508,InPerson,NoBundle,Yes
1509,InPerson,NoBundle,Yes
1510,InPerson,NoBundle,Yes
1511,InPerson,NoBundle,Yes
1512,InPerson,NoBundle,Yes
1513,InPerson,NoBundle,Yes
1514,InPerson,NoBundle,Yes
1515,InPerson,NoBundle,Yes
1516,InPerson,NoBundle,Yes
1517,InPerson,NoBundle,Yes
1518,InPerson,NoBundle,Yes
1519,InPerson,NoBundle,Yes
1520,InPerson,NoBundle,Yes
1521,InPerson,NoBundle,Yes
1522,InPerson,NoBundle,Yes
1523,InPerson,NoBundle,Yes
1524,InPerson,NoBundle,Yes
1525,InPerson,NoBundle,Yes
1526,InPerson,NoBundle,Yes
1527,InPerson,NoBundle,Yes
1528,InPerson,NoBundle,Yes
1529,InPerson,NoBundle,Yes
1530,InPerson,NoBundle,Yes
1531,InPerson,NoBundle,Yes
1532,InPerson,NoBundle,Yes
1533,InPerson,NoBundle,Yes
1534,InPerson,NoBundle,Yes
1535,InPerson,NoBundle,Yes
1536,InPerson,NoBundle,Yes
1537,InPerson,NoBundle,Yes
1538,InPerson,NoBundle,Yes
1539,InPerson,NoBundle,Yes
1540,InPerson,NoBundle,Yes
1541,InPerson,NoBundle,Yes
1542,InPerson,NoBundle,Yes
1543,InPerson,NoBundle,Yes
1544,InPerson,NoBundle,Yes
1545,InPerson,NoBundle,Yes
1546,InPerson,NoBundle,Yes
1547,InPerson,NoBundle,Yes
1548,InPerson,NoBundle,Yes
1549,InPerson,NoBundle,Yes
1550,InPerson,NoBundle,Yes
1551,InPerson,NoBundle,Yes
1552,InPerson,NoBundle,Yes
1553,InPerson,NoBundle,Yes
1554,InPerson,NoBundle,Yes
1555,InPerson,NoBundle,Yes
1556,InPerson,NoBundle,Yes
1557,InPerson,NoBundle,Yes
1558,InPerson,NoBundle,Yes
1559,InPerson,NoBundle,Yes
1560,InPerson,NoBundle,Yes
1561,InPerson,NoBundle,Yes
1562,InPerson,NoBundle,Yes
1563,Email,NoBundle,Yes
1564,Email,NoBundle,Yes
1565,Email,NoBundle,Yes
1566,Email,NoBundle,Yes
1567,Email,NoBundle,Yes
1568,Email,NoBundle,Yes
1569,Email,NoBundle,Yes
1570,Email,NoBundle,Yes
1571,Email,NoBundle,Yes
1572,Email,NoBundle,Yes
1573,Email,NoBundle,Yes
1574,Email,NoBundle,Yes
1575,Email,NoBundle,Yes
1576,Email,NoBundle,Yes
1577,Email,NoBundle,Yes
1578,Email,NoBundle,Yes
1579,Email,NoBundle,Yes
1580,Email,NoBundle,Yes
1581,Email,NoBundle,Yes
1582,Email,NoBundle,Yes
1583,Email,NoBundle,Yes
1584,Email,NoBundle,Yes
1585,Email,NoBundle,Yes
1586,Email,NoBundle,Yes
1587,Email,NoBundle,Yes
1588,Email,NoBundle,Yes
1589,Email,NoBundle,Yes
1590,Mail,Bundle,No
1591,Mail,Bundle,No
1592,Mail,Bundle,No
1593,Mail,Bundle,No
1594,Mail,Bundle,No
1595,Mail,Bundle,No
1596,Mail,Bundle,No
1597,Mail,Bundle,No
1598,Mail,Bundle,No
1599,Mail,Bundle,No
1600,Mail,Bundle,No
1601,Mail,Bundle,No
1602,Mail,Bundle,No
1603,Mail,Bundle,No
1604,Mail,Bundle,No
1605,Mail,Bundle,No
1606,Mail,Bundle,No
1607,Mail,Bundle,No
1608,Mail,Bundle,No
1609,Mail,Bundle,No
1610,Mail,Bundle,No
1611,Mail,Bundle,No
1612,Mail,Bundle,No
1613,Mail,Bundle,No
1614,Mail,Bundle,No
1615,Mail,Bundle,No
1616,Mail,Bundle,No
1617,Mail,Bundle,No
1618,Mail,Bundle,No
1619,Mail,Bundle,No
1620,Mail,Bundle,No
1621,Mail,Bundle,No
1622,Mail,Bundle,No
1623,Mail,Bundle,No
1624,Mail,Bundle,No
1625,Mail,Bundle,No
1626,Mail,Bundle,No
1627,Mail,Bundle,No
1628,Mail,Bundle,No
1629,Mail,Bundle,No
1630,Mail,Bundle,No
1631,Mail,Bundle,No
1632,Mail,Bundle,No
1633,Mail,Bundle,No
1634,Mail,Bundle,No
1635,Mail,Bundle,No
1636,Mail,Bundle,No
1637,Mail,Bundle,No
1638,Mail,Bundle,No
1639,Mail,Bundle,No
1640,Mail,Bundle,No
1641,Mail,Bundle,No
1642,Mail,Bundle,No
1643,Mail,Bundle,No
1644,Mail,Bundle,No
1645,Mail,Bundle,No
1646,Mail,Bundle,No
1647,Mail,Bundle,No
1648,Mail,Bundle,No
1649,Mail,Bundle,No
1650,Mail,Bundle,No
1651,Mail,Bundle,No
1652,Mail,Bundle,No
1653,Mail,Bundle,No
1654,Mail,Bundle,No
1655,Mail,Bundle,No
1656,Mail,Bundle,No
1657,Mail,Bundle,No
1658,Mail,Bundle,No
1659,Mail,Bundle,No
1660,Mail,Bundle,No
1661,Mail,Bundle,No
1662,Mail,Bundle,No
1663,Mail,Bundle,No
1664,Mail,Bundle,No
1665,Mail,Bundle,No
1666,Mail,Bundle,No
1667,Mail,Bundle,No
1668,Mail,Bundle,No
1669,Mail,Bundle,No
1670,Mail,Bundle,No
1671,Mail,Bundle,No
1672,Mail,Bundle,No
1673,Mail,Bundle,No
1674,Mail,Bundle,No
1675,Mail,Bundle,No
1676,Mail,Bundle,No
1677,Mail,Bundle,No
1678,Mail,Bundle,No
1679,Mail,Bundle,No
1680,Mail,Bundle,No
1681,Mail,Bundle,No
1682,Mail,Bundle,No
1683,Mail,Bundle,No
1684,Mail,Bundle,No
1685,Mail,Bundle,No
1686,Mail,Bundle,No
1687,Mail,Bundle,No
1688,Mail,Bundle,No
1689,Mail,Bundle,No
1690,Mail,Bundle,No
1691,Mail,Bundle,No
1692,Mail,Bundle,No
1693,Mail,Bundle,No
1694,Mail,Bundle,No
1695,Mail,Bundle,No
1696,Mail,Bundle,No
1697,Mail,Bundle,No
1698,Mail,Bundle,No
1699,Mail,Bundle,No
1700,Mail,Bundle,No
1701,Mail,Bundle,No
1702,Mail,Bundle,No
1703,Mail,Bundle,No
1704,Mail,Bundle,No
1705,Mail,Bundle,No
1706,Mail,Bundle,No
1707,Mail,Bundle,No
1708,Mail,Bundle,No
1709,Mail,Bundle,No
1710,Mail,Bundle,No
1711,Mail,Bundle,No
1712,Mail,Bundle,No
1713,Mail,Bundle,No
1714,Mail,Bundle,No
1715,Mail,Bundle,No
1716,Mail,Bundle,No
1717,Mail,Bundle,No
1718,Mail,Bundle,No
1719,Mail,Bundle,No
1720,Mail,Bundle,No
1721,Mail,Bundle,No
1722,Mail,Bundle,No
1723,Mail,Bundle,No
1724,Mail,Bundle,No
1725,Mail,Bundle,No
1726,Mail,Bundle,No
1727,Mail,Bundle,No
1728,Mail,Bundle,No
1729,Mail,Bundle,No
1730,Mail,Bundle,No
1731,Mail,Bundle,No
1732,Mail,Bundle,No
1733,Mail,Bundle,No
1734,Mail,Bundle,No
1735,Mail,Bundle,No
1736,Mail,Bundle,No
1737,Mail,Bundle,No
1738,Mail,Bundle,No
1739,Mail,Bundle,No
1740,Mail,Bundle,No
1741,Mail,Bundle,No
1742,Mail,Bundle,No
1743,Mail,Bundle,No
1744,Mail,Bundle,No
1745,Mail,Bundle,No
1746,Mail,Bundle,No
1747,Mail,Bundle,No
1748,Mail,Bundle,No
1749,Mail,Bundle,No
1750,Mail,Bundle,No
1751,Mail,Bundle,No
1752,Mail,Bundle,No
1753,Mail,Bundle,No
1754,Mail,Bundle,No
1755,Mail,Bundle,No
1756,Mail,Bundle,No
1757,Mail,Bundle,No
1758,Mail,Bundle,No
1759,Mail,Bundle,No
1760,Mail,Bundle,No
1761,Mail,Bundle,No
1762,Mail,Bundle,No
1763,Mail,Bundle,No
1764,Mail,Bundle,No
1765,Mail,Bundle,No
1766,Mail,Bundle,No
1767,Mail,Bundle,No
1768,Mail,Bundle,No
1769,Mail,Bundle,No
1770,Mail,Bundle,No
1771,Mail,Bundle,No
1772,Mail,Bundle,No
1773,Mail,Bundle,No
1774,Mail,Bundle,No
1775,Mail,Bundle,No
1776,Mail,Bundle,No
1777,Mail,Bundle,No
1778,Mail,Bundle,No
1779,Mail,Bundle,No
1780,Mail,Bundle,No
1781,Mail,Bundle,No
1782,Mail,Bundle,No
1783,Mail,Bundle,No
1784,Mail,Bundle,No
1785,Mail,Bundle,No
1786,Mail,Bundle,No
1787,Mail,Bundle,No
1788,Mail,Bundle,No
1789,Mail,Bundle,No
1790,Mail,Bundle,No
1791,Mail,Bundle,No
1792,Mail,Bundle,No
1793,Mail,Bundle,No
1794,Mail,Bundle,No
1795,Mail,Bundle,No
1796,Mail,Bundle,No
1797,Mail,Bundle,No
1798,Mail,Bundle,No
1799,Mail,Bundle,No
1800,Mail,Bundle,No
1801,Mail,Bundle,No
1802,Mail,Bundle,No
1803,Mail,Bundle,No
1804,Mail,Bundle,No
1805,Mail,Bundle,No
1806,Mail,Bundle,No
1807,Mail,Bundle,No
1808,Mail,Bundle,No
1809,Mail,Bundle,No
1810,Mail,Bundle,No
1811,Mail,Bundle,No
1812,Mail,Bundle,No
1813,Mail,Bundle,No
1814,Mail,Bundle,No
1815,Mail,Bundle,No
1816,Mail,Bundle,No
1817,Mail,Bundle,No
1818,Mail,Bundle,No
1819,Mail,Bundle,No
1820,Mail,Bundle,No
1821,Mail,Bundle,No
1822,Mail,Bundle,No
1823,Mail,Bundle,No
1824,Mail,Bundle,No
1825,Mail,Bundle,No
1826,Mail,Bundle,No
1827,Mail,Bundle,No
1828,Mail,Bundle,No
1829,Mail,Bundle,No
1830,Mail,Bundle,No
1831,Mail,Bundle,No
1832,Mail,Bundle,No
1833,Mail,Bundle,No
1834,Mail,Bundle,No
1835,Mail,Bundle,No
1836,Mail,Bundle,No
1837,Mail,Bundle,No
1838,Mail,Bundle,No
1839,Mail,Bundle,No
1840,Mail,Bundle,No
1841,Mail,Bundle,No
1842,Mail,Bundle,No
1843,Mail,Bundle,No
1844,Mail,Bundle,No
1845,Mail,Bundle,No
1846,Mail,Bundle,No
1847,Mail,Bundle,No
1848,Mail,Bundle,No
1849,Mail,Bundle,No
1850,Mail,Bundle,No
1851,Mail,Bundle,No
1852,Mail,Bundle,No
1853,Mail,Bundle,No
1854,Mail,Bundle,No
1855,Mail,Bundle,No
1856,Mail,Bundle,No
1857,Mail,Bundle,No
1858,Mail,Bundle,No
1859,Mail,Bundle,No
1860,Mail,Bundle,No
1861,Mail,Bundle,No
1862,Mail,Bundle,No
1863,Mail,Bundle,No
1864,Mail,Bundle,No
1865,Mail,Bundle,No
1866,Mail,Bundle,No
1867,Mail,Bundle,No
1868,Mail,Bundle,No
1869,Mail,Bundle,No
1870,Mail,Bundle,No
1871,Mail,Bundle,No
1872,Mail,Bundle,No
1873,Mail,Bundle,No
1874,Mail,Bundle,No
1875,Mail,Bundle,No
1876,Mail,Bundle,No
1877,Mail,Bundle,No
1878,Mail,Bundle,No
1879,Mail,Bundle,No
1880,Mail,Bundle,No
1881,Mail,Bundle,No
1882,Mail,Bundle,No
1883,Mail,Bundle,No
1884,Mail,Bundle,No
1885,Mail,Bundle,No
1886,Mail,Bundle,No
1887,Mail,Bundle,No
1888,Mail,Bundle,No
1889,Mail,Bundle,No
1890,Mail,Bundle,No
1891,Mail,Bundle,No
1892,Mail,Bundle,No
1893,Mail,Bundle,No
1894,Mail,Bundle,No
1895,Mail,Bundle,No
1896,Mail,Bundle,No
1897,Mail,Bundle,No
1898,Mail,Bundle,No
1899,Mail,Bundle,No
1900,Mail,Bundle,No
1901,Mail,Bundle,No
1902,Mail,Bundle,No
1903,Mail,Bundle,No
1904,Mail,Bundle,No
1905,Mail,Bundle,No
1906,Mail,Bundle,No
1907,Mail,Bundle,No
1908,Mail,Bundle,No
1909,Mail,Bundle,No
1910,Mail,Bundle,No
1911,Mail,Bundle,No
1912,Mail,Bundle,No
1913,Mail,Bundle,No
1914,Mail,Bundle,No
1915,Mail,Bundle,No
1916,Mail,Bundle,No
1917,Mail,Bundle,No
1918,Mail,Bundle,No
1919,Mail,Bundle,No
1920,Mail,Bundle,No
1921,Mail,Bundle,No
1922,Mail,Bundle,No
1923,Mail,Bundle,No
1924,Mail,Bundle,No
1925,Mail,Bundle,No
1926,Mail,Bundle,No
1927,Mail,Bundle,No
1928,Mail,Bundle,No
1929,Mail,Bundle,No
1930,Mail,Bundle,No
1931,Mail,Bundle,No
1932,Mail,Bundle,No
1933,Mail,Bundle,No
1934,Mail,Bundle,No
1935,Mail,Bundle,No
1936,Mail,Bundle,No
1937,Mail,Bundle,No
1938,Mail,Bundle,No
1939,Mail,Bundle,No
1940,Mail,Bundle,No
1941,Mail,Bundle,No
1942,Mail,Bundle,No
1943,Mail,Bundle,No
1944,Mail,Bundle,No
1945,Mail,Bundle,No
1946,Mail,Bundle,No
1947,Mail,Bundle,No
1948,Mail,Bundle,No
1949,Mail,Bundle,No
1950,Mail,Bundle,No
1951,Mail,Bundle,No
1952,Mail,Bundle,No
1953,Mail,Bundle,No
1954,Mail,Bundle,No
1955,Mail,Bundle,No
1956,Mail,Bundle,No
1957,Mail,Bundle,No
1958,Mail,Bundle,No
1959,Mail,Bundle,No
1960,Mail,Bundle,No
1961,Mail,Bundle,No
1962,Mail,Bundle,No
1963,Mail,Bundle,No
1964,Mail,Bundle,No
1965,Mail,Bundle,No
1966,Mail,Bundle,No
1967,Mail,Bundle,No
1968,Mail,Bundle,No
1969,Mail,Bundle,No
1970,Mail,Bundle,No
1971,Mail,Bundle,No
1972,Mail,Bundle,No
1973,Mail,Bundle,No
1974,Mail,Bundle,No
1975,Mail,Bundle,No
1976,Mail,Bundle,No
1977,Mail,Bundle,No
1978,Mail,Bundle,No
1979,Mail,Bundle,No
1980,Mail,Bundle,No
1981,Mail,Bundle,No
1982,Mail,Bundle,No
1983,Mail,Bundle,No
1984,Mail,Bundle,No
1985,Mail,Bundle,No
1986,Mail,Bundle,No
1987,Mail,Bundle,No
1988,Mail,Bundle,No
1989,Mail,Bundle,No
1990,Mail,Bundle,No
1991,Mail,Bundle,No
1992,Mail,Bundle,No
1993,Mail,Bundle,No
1994,Mail,Bundle,No
1995,Mail,Bundle,No
1996,Mail,Bundle,No
1997,Mail,Bundle,No
1998,Mail,Bundle,No
1999,Mail,Bundle,No
2000,Mail,Bundle,No
2001,Mail,Bundle,No
2002,Mail,Bundle,No
2003,Mail,Bundle,No
2004,Mail,Bundle,No
2005,Mail,Bundle,No
2006,Mail,Bundle,No
2007,Mail,Bundle,No
2008,Mail,Bundle,No
2009,Mail,Bundle,No
2010,Mail,Bundle,No
2011,Mail,Bundle,No
2012,Mail,Bundle,No
2013,Mail,Bundle,No
2014,Mail,Bundle,No
2015,Mail,Bundle,No
2016,Mail,Bundle,No
2017,Mail,Bundle,No
2018,Mail,Bundle,No
2019,Mail,Bundle,No
2020,Mail,Bundle,No
2021,Mail,Bundle,No
2022,Mail,Bundle,No
2023,Mail,Bundle,No
2024,Mail,Bundle,No
2025,Mail,Bundle,No
2026,Mail,Bundle,No
2027,Mail,Bundle,No
2028,Mail,Bundle,No
2029,Mail,Bundle,No
2030,Mail,Bundle,No
2031,Mail,Bundle,No
2032,Mail,Bundle,No
2033,Mail,Bundle,No
2034,Mail,Bundle,No
2035,Mail,Bundle,No
2036,Mail,Bundle,No
2037,Mail,Bundle,No
2038,Mail,Bundle,No
2039,InPerson,Bundle,No
2040,InPerson,Bundle,No
2041,InPerson,Bundle,No
2042,InPerson,Bundle,No
2043,InPerson,Bundle,No
2044,InPerson,Bundle,No
2045,InPerson,Bundle,No
2046,InPerson,Bundle,No
2047,InPerson,Bundle,No
2048,InPerson,Bundle,No
2049,InPerson,Bundle,No
2050,InPerson,Bundle,No
2051,InPerson,Bundle,No
2052,InPerson,Bundle,No
2053,InPerson,Bundle,No
2054,InPerson,Bundle,No
2055,InPerson,Bundle,No
2056,InPerson,Bundle,No
2057,InPerson,Bundle,No
2058,InPerson,Bundle,No
2059,InPerson,Bundle,No
2060,InPerson,Bundle,No
2061,InPerson,Bundle,No
2062,InPerson,Bundle,No
2063,InPerson,Bundle,No
2064,InPerson,Bundle,No
2065,InPerson,Bundle,No
2066,InPerson,Bundle,No
2067,InPerson,Bundle,No
2068,InPerson,Bundle,No
2069,InPerson,Bundle,No
2070,InPerson,Bundle,No
2071,InPerson,Bundle,No
2072,InPerson,Bundle,No
2073,InPerson,Bundle,No
2074,InPerson,Bundle,No
2075,InPerson,Bundle,No
2076,InPerson,Bundle,No
2077,InPerson,Bundle,No
2078,InPerson,Bundle,No
2079,InPerson,Bundle,No
2080,InPerson,Bundle,No
2081,InPerson,Bundle,No
2082,InPerson,Bundle,No
2083,InPerson,Bundle,No
2084,InPerson,Bundle,No
2085,InPerson,Bundle,No
2086,InPerson,Bundle,No
2087,InPerson,Bundle,No
2088,InPerson,Bundle,No
2089,InPerson,Bundle,No
2090,InPerson,Bundle,No
2091,InPerson,Bundle,No
2092,InPerson,Bundle,No
2093,InPerson,Bundle,No
2094,InPerson,Bundle,No
2095,InPerson,Bundle,No
2096,InPerson,Bundle,No
2097,InPerson,Bundle,No
2098,InPerson,Bundle,No
2099,InPerson,Bundle,No
2100,InPerson,Bundle,No
2101,InPerson,Bundle,No
2102,InPerson,Bundle,No
2103,InPerson,Bundle,No
2104,InPerson,Bundle,No
2105,InPerson,Bundle,No
2106,InPerson,Bundle,No
2107,InPerson,Bundle,No
2108,InPerson,Bundle,No
2109,InPerson,Bundle,No
2110,InPerson,Bundle,No
2111,InPerson,Bundle,No
2112,InPerson,Bundle,No
2113,InPerson,Bundle,No
2114,InPerson,Bundle,No
2115,InPerson,Bundle,No
2116,InPerson,Bundle,No
2117,InPerson,Bundle,No
2118,InPerson,Bundle,No
2119,InPerson,Bundle,No
2120,InPerson,Bundle,No
2121,InPerson,Bundle,No
2122,InPerson,Bundle,No
2123,InPerson,Bundle,No
2124,InPerson,Bundle,No
2125,InPerson,Bundle,No
2126,InPerson,Bundle,No
2127,InPerson,Bundle,No
2128,InPerson,Bundle,No
2129,InPerson,Bundle,No
2130,InPerson,Bundle,No
2131,InPerson,Bundle,No
2132,InPerson,Bundle,No
2133,InPerson,Bundle,No
2134,InPerson,Bundle,No
2135,InPerson,Bundle,No
2136,InPerson,Bundle,No
2137,InPerson,Bundle,No
2138,InPerson,Bundle,No
2139,InPerson,Bundle,No
2140,InPerson,Bundle,No
2141,InPerson,Bundle,No
2142,InPerson,Bundle,No
2143,InPerson,Bundle,No
2144,InPerson,Bundle,No
2145,InPerson,Bundle,No
2146,InPerson,Bundle,No
2147,InPerson,Bundle,No
2148,InPerson,Bundle,No
2149,InPerson,Bundle,No
2150,InPerson,Bundle,No
2151,InPerson,Bundle,No
2152,InPerson,Bundle,No
2153,InPerson,Bundle,No
2154,InPerson,Bundle,No
2155,InPerson,Bundle,No
2156,InPerson,Bundle,No
2157,InPerson,Bundle,No
2158,InPerson,Bundle,No
2159,InPerson,Bundle,No
2160,InPerson,Bundle,No
2161,InPerson,Bundle,No
2162,InPerson,Bundle,No
2163,InPerson,Bundle,No
2164,InPerson,Bundle,No
2165,InPerson,Bundle,No
2166,InPerson,Bundle,No
2167,InPerson,Bundle,No
2168,InPerson,Bundle,No
2169,InPerson,Bundle,No
2170,InPerson,Bundle,No
2171,InPerson,Bundle,No
2172,InPerson,Bundle,No
2173,InPerson,Bundle,No
2174,InPerson,Bundle,No
2175,InPerson,Bundle,No
2176,InPerson,Bundle,No
2177,InPerson,Bundle,No
2178,InPerson,Bundle,No
2179,InPerson,Bundle,No
2180,InPerson,Bundle,No
2181,InPerson,Bundle,No
2182,InPerson,Bundle,No
2183,InPerson,Bundle,No
2184,InPerson,Bundle,No
2185,InPerson,Bundle,No
2186,InPerson,Bundle,No
2187,InPerson,Bundle,No
2188,InPerson,Bundle,No
2189,InPerson,Bundle,No
2190,InPerson,Bundle,No
2191,InPerson,Bundle,No
2192,InPerson,Bundle,No
2193,InPerson,Bundle,No
2194,InPerson,Bundle,No
2195,InPerson,Bundle,No
2196,InPerson,Bundle,No
2197,InPerson,Bundle,No
2198,InPerson,Bundle,No
2199,InPerson,Bundle,No
2200,InPerson,Bundle,No
2201,InPerson,Bundle,No
2202,InPerson,Bundle,No
2203,InPerson,Bundle,No
2204,InPerson,Bundle,No
2205,InPerson,Bundle,No
2206,InPerson,Bundle,No
2207,InPerson,Bundle,No
2208,InPerson,Bundle,No
2209,InPerson,Bundle,No
2210,InPerson,Bundle,No
2211,InPerson,Bundle,No
2212,InPerson,Bundle,No
2213,InPerson,Bundle,No
2214,InPerson,Bundle,No
2215,InPerson,Bundle,No
2216,InPerson,Bundle,No
2217,InPerson,Bundle,No
2218,InPerson,Bundle,No
2219,InPerson,Bundle,No
2220,InPerson,Bundle,No
2221,InPerson,Bundle,No
2222,InPerson,Bundle,No
2223,InPerson,Bundle,No
2224,InPerson,Bundle,No
2225,InPerson,Bundle,No
2226,InPerson,Bundle,No
2227,InPerson,Bundle,No
2228,InPerson,Bundle,No
2229,InPerson,Bundle,No
2230,InPerson,Bundle,No
2231,InPerson,Bundle,No
2232,InPerson,Bundle,No
2233,InPerson,Bundle,No
2234,InPerson,Bundle,No
2235,InPerson,Bundle,No
2236,InPerson,Bundle,No
2237,InPerson,Bundle,No
2238,InPerson,Bundle,No
2239,InPerson,Bundle,No
2240,InPerson,Bundle,No
2241,InPerson,Bundle,No
2242,InPerson,Bundle,No
2243,InPerson,Bundle,No
2244,InPerson,Bundle,No
2245,InPerson,Bundle,No
2246,InPerson,Bundle,No
2247,InPerson,Bundle,No
2248,InPerson,Bundle,No
2249,InPerson,Bundle,No
2250,InPerson,Bundle,No
2251,InPerson,Bundle,No
2252,InPerson,Bundle,No
2253,InPerson,Bundle,No
2254,InPerson,Bundle,No
2255,InPerson,Bundle,No
2256,InPerson,Bundle,No
2257,InPerson,Bundle,No
2258,InPerson,Bundle,No
2259,InPerson,Bundle,No
2260,InPerson,Bundle,No
2261,InPerson,Bundle,No
2262,Email,Bundle,No
2263,Email,Bundle,No
2264,Email,Bundle,No
2265,Email,Bundle,No
2266,Email,Bundle,No
2267,Email,Bundle,No
2268,Email,Bundle,No
2269,Email,Bundle,No
2270,Email,Bundle,No
2271,Email,Bundle,No
2272,Email,Bundle,No
2273,Email,Bundle,No
2274,Email,Bundle,No
2275,Email,Bundle,No
2276,Email,Bundle,No
2277,Email,Bundle,No
2278,Email,Bundle,No
2279,Email,Bundle,No
2280,Email,Bundle,No
2281,Email,Bundle,No
2282,Email,Bundle,No
2283,Email,Bundle,No
2284,Email,Bundle,No
2285,Email,Bundle,No
2286,Email,Bundle,No
2287,Email,Bundle,No
2288,Email,Bundle,No
2289,Email,Bundle,No
2290,Email,Bundle,No
2291,Email,Bundle,No
2292,Email,Bundle,No
2293,Email,Bundle,No
2294,Email,Bundle,No
2295,Email,Bundle,No
2296,Email,Bundle,No
2297,Email,Bundle,No
2298,Email,Bundle,No
2299,Email,Bundle,No
2300,Email,Bundle,No
2301,Email,Bundle,No
2302,Email,Bundle,No
2303,Email,Bundle,No
2304,Email,Bundle,No
2305,Email,Bundle,No
2306,Email,Bundle,No
2307,Email,Bundle,No
2308,Email,Bundle,No
2309,Email,Bundle,No
2310,Email,Bundle,No
2311,Email,Bundle,No
2312,Email,Bundle,No
2313,Email,Bundle,No
2314,Email,Bundle,No
2315,Email,Bundle,No
2316,Email,Bundle,No
2317,Email,Bundle,No
2318,Email,Bundle,No
2319,Email,Bundle,No
2320,Email,Bundle,No
2321,Email,Bundle,No
2322,Email,Bundle,No
2323,Email,Bundle,No
2324,Email,Bundle,No
2325,Email,Bundle,No
2326,Email,Bundle,No
2327,Email,Bundle,No
2328,Email,Bundle,No
2329,Email,Bundle,No
2330,Email,Bundle,No
2331,Email,Bundle,No
2332,Email,Bundle,No
2333,Email,Bundle,No
2334,Email,Bundle,No
2335,Email,Bundle,No
2336,Email,Bundle,No
2337,Email,Bundle,No
2338,Email,Bundle,No
2339,Email,Bundle,No
2340,Email,Bundle,No
2341,Email,Bundle,No
2342,Email,Bundle,No
2343,Email,Bundle,No
2344,Email,Bundle,No
2345,Mail,NoBundle,No
2346,Mail,NoBundle,No
2347,Mail,NoBundle,No
2348,Mail,NoBundle,No
2349,Mail,NoBundle,No
2350,Mail,NoBundle,No
2351,Mail,NoBundle,No
2352,Mail,NoBundle,No
2353,Mail,NoBundle,No
2354,Mail,NoBundle,No
2355,Mail,NoBundle,No
2356,Mail,NoBundle,No
2357,Mail,NoBundle,No
2358,Mail,NoBundle,No
2359,Mail,NoBundle,No
2360,Mail,NoBundle,No
2361,Mail,NoBundle,No
2362,Mail,NoBundle,No
2363,Mail,NoBundle,No
2364,Mail,NoBundle,No
2365,Mail,NoBundle,No
2366,Mail,NoBundle,No
2367,Mail,NoBundle,No
2368,Mail,NoBundle,No
2369,Mail,NoBundle,No
2370,Mail,NoBundle,No
2371,Mail,NoBundle,No
2372,Mail,NoBundle,No
2373,Mail,NoBundle,No
2374,Mail,NoBundle,No
2375,Mail,NoBundle,No
2376,Mail,NoBundle,No
2377,Mail,NoBundle,No
2378,Mail,NoBundle,No
2379,Mail,NoBundle,No
2380,Mail,NoBundle,No
2381,Mail,NoBundle,No
2382,Mail,NoBundle,No
2383,Mail,NoBundle,No
2384,Mail,NoBundle,No
2385,Mail,NoBundle,No
2386,Mail,NoBundle,No
2387,Mail,NoBundle,No
2388,Mail,NoBundle,No
2389,Mail,NoBundle,No
2390,Mail,NoBundle,No
2391,Mail,NoBundle,No
2392,Mail,NoBundle,No
2393,Mail,NoBundle,No
2394,Mail,NoBundle,No
2395,Mail,NoBundle,No
2396,Mail,NoBundle,No
2397,Mail,NoBundle,No
2398,Mail,NoBundle,No
2399,Mail,NoBundle,No
2400,Mail,NoBundle,No
2401,Mail,NoBundle,No
2402,Mail,NoBundle,No
2403,Mail,NoBundle,No
2404,Mail,NoBundle,No
2405,Mail,NoBundle,No
2406,Mail,NoBundle,No
2407,Mail,NoBundle,No
2408,Mail,NoBundle,No
2409,Mail,NoBundle,No
2410,Mail,NoBundle,No
2411,Mail,NoBundle,No
2412,Mail,NoBundle,No
2413,Mail,NoBundle,No
2414,Mail,NoBundle,No
2415,Mail,NoBundle,No
2416,Mail,NoBundle,No
2417,Mail,NoBundle,No
2418,Mail,NoBundle,No
2419,Mail,NoBundle,No
2420,Mail,NoBundle,No
2421,Mail,NoBundle,No
2422,Mail,NoBundle,No
2423,Mail,NoBundle,No
2424,Mail,NoBundle,No
2425,Mail,NoBundle,No
2426,Mail,NoBundle,No
2427,Mail,NoBundle,No
2428,Mail,NoBundle,No
2429,Mail,NoBundle,No
2430,Mail,NoBundle,No
2431,Mail,NoBundle,No
2432,Mail,NoBundle,No
2433,Mail,NoBundle,No
2434,Mail,NoBundle,No
2435,Mail,NoBundle,No
2436,Mail,NoBundle,No
2437,Mail,NoBundle,No
2438,Mail,NoBundle,No
2439,Mail,NoBundle,No
2440,Mail,NoBundle,No
2441,Mail,NoBundle,No
2442,Mail,NoBundle,No
2443,Mail,NoBundle,No
2444,Mail,NoBundle,No
2445,Mail,NoBundle,No
2446,Mail,NoBundle,No
2447,Mail,NoBundle,No
2448,Mail,NoBundle,No
2449,Mail,NoBundle,No
2450,Mail,NoBundle,No
2451,Mail,NoBundle,No
2452,Mail,NoBundle,No
2453,Mail,NoBundle,No
2454,Mail,NoBundle,No
2455,Mail,NoBundle,No
2456,Mail,NoBundle,No
2457,Mail,NoBundle,No
2458,Mail,NoBundle,No
2459,Mail,NoBundle,No
2460,Mail,NoBundle,No
2461,Mail,NoBundle,No
2462,Mail,NoBundle,No
2463,Mail,NoBundle,No
2464,Mail,NoBundle,No
2465,Mail,NoBundle,No
2466,Mail,NoBundle,No
2467,Mail,NoBundle,No
2468,Mail,NoBundle,No
2469,Mail,NoBundle,No
2470,Mail,NoBundle,No
2471,Mail,NoBundle,No
2472,Mail,NoBundle,No
2473,Mail,NoBundle,No
2474,Mail,NoBundle,No
2475,Mail,NoBundle,No
2476,Mail,NoBundle,No
2477,Mail,NoBundle,No
2478,Mail,NoBundle,No
2479,Mail,NoBundle,No
2480,Mail,NoBundle,No
2481,Mail,NoBundle,No
2482,Mail,NoBundle,No
2483,Mail,NoBundle,No
2484,Mail,NoBundle,No
2485,Mail,NoBundle,No
2486,Mail,NoBundle,No
2487,Mail,NoBundle,No
2488,Mail,NoBundle,No
2489,Mail,NoBundle,No
2490,Mail,NoBundle,No
2491,Mail,NoBundle,No
2492,Mail,NoBundle,No
2493,Mail,NoBundle,No
2494,Mail,NoBundle,No
2495,Mail,NoBundle,No
2496,Mail,NoBundle,No
2497,Mail,NoBundle,No
2498,Mail,NoBundle,No
2499,Mail,NoBundle,No
2500,Mail,NoBundle,No
2501,Mail,NoBundle,No
2502,Mail,NoBundle,No
2503,Mail,NoBundle,No
2504,Mail,NoBundle,No
2505,Mail,NoBundle,No
2506,Mail,NoBundle,No
2507,Mail,NoBundle,No
2508,Mail,NoBundle,No
2509,Mail,NoBundle,No
2510,Mail,NoBundle,No
2511,Mail,NoBundle,No
2512,Mail,NoBundle,No
2513,Mail,NoBundle,No
2514,Mail,NoBundle,No
2515,Mail,NoBundle,No
2516,Mail,NoBundle,No
2517,Mail,NoBundle,No
2518,Mail,NoBundle,No
2519,Mail,NoBundle,No
2520,Mail,NoBundle,No
2521,Mail,NoBundle,No
2522,Mail,NoBundle,No
2523,Mail,NoBundle,No
2524,Mail,NoBundle,No
2525,Mail,NoBundle,No
2526,Mail,NoBundle,No
2527,Mail,NoBundle,No
2528,Mail,NoBundle,No
2529,Mail,NoBundle,No
2530,Mail,NoBundle,No
2531,Mail,NoBundle,No
2532,Mail,NoBundle,No
2533,Mail,NoBundle,No
2534,Mail,NoBundle,No
2535,Mail,NoBundle,No
2536,Mail,NoBundle,No
2537,Mail,NoBundle,No
2538,Mail,NoBundle,No
2539,Mail,NoBundle,No
2540,Mail,NoBundle,No
2541,Mail,NoBundle,No
2542,Mail,NoBundle,No
2543,Mail,NoBundle,No
2544,Mail,NoBundle,No
2545,Mail,NoBundle,No
2546,Mail,NoBundle,No
2547,Mail,NoBundle,No
2548,Mail,NoBundle,No
2549,Mail,NoBundle,No
2550,Mail,NoBundle,No
2551,Mail,NoBundle,No
2552,Mail,NoBundle,No
2553,Mail,NoBundle,No
2554,Mail,NoBundle,No
2555,Mail,NoBundle,No
2556,Mail,NoBundle,No
2557,Mail,NoBundle,No
2558,Mail,NoBundle,No
2559,Mail,NoBundle,No
2560,Mail,NoBundle,No
2561,Mail,NoBundle,No
2562,Mail,NoBundle,No
2563,Mail,NoBundle,No
2564,Mail,NoBundle,No
2565,Mail,NoBundle,No
2566,Mail,NoBundle,No
2567,Mail,NoBundle,No
2568,Mail,NoBundle,No
2569,Mail,NoBundle,No
2570,Mail,NoBundle,No
2571,Mail,NoBundle,No
2572,Mail,NoBundle,No
2573,Mail,NoBundle,No
2574,Mail,NoBundle,No
2575,Mail,NoBundle,No
2576,Mail,NoBundle,No
2577,Mail,NoBundle,No
2578,Mail,NoBundle,No
2579,Mail,NoBundle,No
2580,Mail,NoBundle,No
2581,Mail,NoBundle,No
2582,Mail,NoBundle,No
2583,Mail,NoBundle,No
2584,Mail,NoBundle,No
2585,Mail,NoBundle,No
2586,Mail,NoBundle,No
2587,Mail,NoBundle,No
2588,Mail,NoBundle,No
2589,Mail,NoBundle,No
2590,Mail,NoBundle,No
2591,Mail,NoBundle,No
2592,Mail,NoBundle,No
2593,Mail,NoBundle,No
2594,Mail,NoBundle,No
2595,Mail,NoBundle,No
2596,Mail,NoBundle,No
2597,Mail,NoBundle,No
2598,Mail,NoBundle,No
2599,Mail,NoBundle,No
2600,Mail,NoBundle,No
2601,Mail,NoBundle,No
2602,Mail,NoBundle,No
2603,Mail,NoBundle,No
2604,Mail,NoBundle,No
2605,Mail,NoBundle,No
2606,Mail,NoBundle,No
2607,Mail,NoBundle,No
2608,Mail,NoBundle,No
2609,Mail,NoBundle,No
2610,Mail,NoBundle,No
2611,Mail,NoBundle,No
2612,Mail,NoBundle,No
2613,Mail,NoBundle,No
2614,Mail,NoBundle,No
2615,Mail,NoBundle,No
2616,Mail,NoBundle,No
2617,Mail,NoBundle,No
2618,Mail,NoBundle,No
2619,Mail,NoBundle,No
2620,Mail,NoBundle,No
2621,Mail,NoBundle,No
2622,Mail,NoBundle,No
2623,InPerson,NoBundle,No
2624,InPerson,NoBundle,No
2625,InPerson,NoBundle,No
2626,InPerson,NoBundle,No
2627,InPerson,NoBundle,No
2628,InPerson,NoBundle,No
2629,InPerson,NoBundle,No
2630,InPerson,NoBundle,No
2631,InPerson,NoBundle,No
2632,InPerson,NoBundle,No
2633,InPerson,NoBundle,No
2634,InPerson,NoBundle,No
2635,InPerson,NoBundle,No
2636,InPerson,NoBundle,No
2637,InPerson,NoBundle,No
2638,InPerson,NoBundle,No
2639,InPerson,NoBundle,No
2640,InPerson,NoBundle,No
2641,InPerson,NoBundle,No
2642,InPerson,NoBundle,No
2643,InPerson,NoBundle,No
2644,InPerson,NoBundle,No
2645,InPerson,NoBundle,No
2646,InPerson,NoBundle,No
2647,InPerson,NoBundle,No
2648,InPerson,NoBundle,No
2649,InPerson,NoBundle,No
2650,InPerson,NoBundle,No
2651,InPerson,NoBundle,No
2652,InPerson,NoBundle,No
2653,InPerson,NoBundle,No
2654,InPerson,NoBundle,No
2655,InPerson,NoBundle,No
2656,InPerson,NoBundle,No
2657,InPerson,NoBundle,No
2658,InPerson,NoBundle,No
2659,InPerson,NoBundle,No
2660,InPerson,NoBundle,No
2661,InPerson,NoBundle,No
2662,InPerson,NoBundle,No
2663,InPerson,NoBundle,No
2664,InPerson,NoBundle,No
2665,InPerson,NoBundle,No
2666,InPerson,NoBundle,No
2667,InPerson,NoBundle,No
2668,InPerson,NoBundle,No
2669,InPerson,NoBundle,No
2670,InPerson,NoBundle,No
2671,InPerson,NoBundle,No
2672,Email,NoBundle,No
2673,Email,NoBundle,No
2674,Email,NoBundle,No
2675,Email,NoBundle,No
2676,Email,NoBundle,No
2677,Email,NoBundle,No
2678,Email,NoBundle,No
2679,Email,NoBundle,No
2680,Email,NoBundle,No
2681,Email,NoBundle,No
2682,Email,NoBundle,No
2683,Email,NoBundle,No
2684,Email,NoBundle,No
2685,Email,NoBundle,No
2686,Email,NoBundle,No
2687,Email,NoBundle,No
2688,Email,NoBundle,No
2689,Email,NoBundle,No
2690,Email,NoBundle,No
2691,Email,NoBundle,No
2692,Email,NoBundle,No
2693,Email,NoBundle,No
2694,Email,NoBundle,No
2695,Email,NoBundle,No
2696,Email,NoBundle,No
2697,Email,NoBundle,No
2698,Email,NoBundle,No
2699,Email,NoBundle,No
2700,Email,NoBundle,No
2701,Email,NoBundle,No
2702,Email,NoBundle,No
2703,Email,NoBundle,No
2704,Email,NoBundle,No
2705,Email,NoBundle,No
2706,Email,NoBundle,No
2707,Email,NoBundle,No
2708,Email,NoBundle,No
2709,Email,NoBundle,No
2710,Email,NoBundle,No
2711,Email,NoBundle,No
2712,Email,NoBundle,No
2713,Email,NoBundle,No
2714,Email,NoBundle,No
2715,Email,NoBundle,No
2716,Email,NoBundle,No
2717,Email,NoBundle,No
2718,Email,NoBundle,No
2719,Email,NoBundle,No
2720,Email,NoBundle,No
2721,Email,NoBundle,No
2722,Email,NoBundle,No
2723,Email,NoBundle,No
2724,Email,NoBundle,No
2725,Email,NoBundle,No
2726,Email,NoBundle,No
2727,Email,NoBundle,No
2728,Email,NoBundle,No
2729,Email,NoBundle,No
2730,Email,NoBundle,No
2731,Email,NoBundle,No
2732,Email,NoBundle,No
2733,Email,NoBundle,No
2734,Email,NoBundle,No
2735,Email,NoBundle,No
2736,Email,NoBundle,No
2737,Email,NoBundle,No
2738,Email,NoBundle,No
2739,Email,NoBundle,No
2740,Email,NoBundle,No
2741,Email,NoBundle,No
2742,Email,NoBundle,No
2743,Email,NoBundle,No
2744,Email,NoBundle,No
2745,Email,NoBundle,No
2746,Email,NoBundle,No
2747,Email,NoBundle,No
2748,Email,NoBundle,No
2749,Email,NoBundle,No
2750,Email,NoBundle,No
2751,Email,NoBundle,No
2752,Email,NoBundle,No
2753,Email,NoBundle,No
2754,Email,NoBundle,No
2755,Email,NoBundle,No
2756,Email,NoBundle,No
2757,Email,NoBundle,No
2758,Email,NoBundle,No
2759,Email,NoBundle,No
2760,Email,NoBundle,No
2761,Email,NoBundle,No
2762,Email,NoBundle,No
2763,Email,NoBundle,No
2764,Email,NoBundle,No
2765,Email,NoBundle,No
2766,Email,NoBundle,No
2767,Email,NoBundle,No
2768,Email,NoBundle,No
2769,Email,NoBundle,No
2770,Email,NoBundle,No
2771,Email,NoBundle,No
2772,Email,NoBundle,No
2773,Email,NoBundle,No
2774,Email,NoBundle,No
2775,Email,NoBundle,No
2776,Email,NoBundle,No
2777,Email,NoBundle,No
2778,Email,NoBundle,No
2779,Email,NoBundle,No
2780,Email,NoBundle,No
2781,Email,NoBundle,No
2782,Email,NoBundle,No
2783,Email,NoBundle,No
2784,Email,NoBundle,No
2785,Email,NoBundle,No
2786,Email,NoBundle,No
2787,Email,NoBundle,No
2788,Email,NoBundle,No
2789,Email,NoBundle,No
2790,Email,NoBundle,No
2791,Email,NoBundle,No
2792,Email,NoBundle,No
2793,Email,NoBundle,No
2794,Email,NoBundle,No
2795,Email,NoBundle,No
2796,Email,NoBundle,No
2797,Email,NoBundle,No
2798,Email,NoBundle,No
2799,Email,NoBundle,No
2800,Email,NoBundle,No
2801,Email,NoBundle,No
2802,Email,NoBundle,No
2803,Email,NoBundle,No
2804,Email,NoBundle,No
2805,Email,NoBundle,No
2806,Email,NoBundle,No
2807,Email,NoBundle,No
2808,Email,NoBundle,No
2809,Email,NoBundle,No
2810,Email,NoBundle,No
2811,Email,NoBundle,No
2812,Email,NoBundle,No
2813,Email,NoBundle,No
2814,Email,NoBundle,No
2815,Email,NoBundle,No
2816,Email,NoBundle,No
2817,Email,NoBundle,No
2818,Email,NoBundle,No
2819,Email,NoBundle,No
2820,Email,NoBundle,No
2821,Email,NoBundle,No
2822,Email,NoBundle,No
2823,Email,NoBundle,No
2824,Email,NoBundle,No
2825,Email,NoBundle,No
2826,Email,NoBundle,No
2827,Email,NoBundle,No
2828,Email,NoBundle,No
2829,Email,NoBundle,No
2830,Email,NoBundle,No
2831,Email,NoBundle,No
2832,Email,NoBundle,No
2833,Email,NoBundle,No
2834,Email,NoBundle,No
2835,Email,NoBundle,No
2836,Email,NoBundle,No
2837,Email,NoBundle,No
2838,Email,NoBundle,No
2839,Email,NoBundle,No
2840,Email,NoBundle,No
2841,Email,NoBundle,No
2842,Email,NoBundle,No
2843,Email,NoBundle,No
2844,Email,NoBundle,No
2845,Email,NoBundle,No
2846,Email,NoBundle,No
2847,Email,NoBundle,No
2848,Email,NoBundle,No
2849,Email,NoBundle,No
2850,Email,NoBundle,No
2851,Email,NoBundle,No
2852,Email,NoBundle,No
2853,Email,NoBundle,No
2854,Email,NoBundle,No
2855,Email,NoBundle,No
2856,Email,NoBundle,No
2857,Email,NoBundle,No
2858,Email,NoBundle,No
2859,Email,NoBundle,No
2860,Email,NoBundle,No
2861,Email,NoBundle,No
2862,Email,NoBundle,No
2863,Email,NoBundle,No
2864,Email,NoBundle,No
2865,Email,NoBundle,No
2866,Email,NoBundle,No
2867,Email,NoBundle,No
2868,Email,NoBundle,No
2869,Email,NoBundle,No
2870,Email,NoBundle,No
2871,Email,NoBundle,No
2872,Email,NoBundle,No
2873,Email,NoBundle,No
2874,Email,NoBundle,No
2875,Email,NoBundle,No
2876,Email,NoBundle,No
2877,Email,NoBundle,No
2878,Email,NoBundle,No
2879,Email,NoBundle,No
2880,Email,NoBundle,No
2881,Email,NoBundle,No
2882,Email,NoBundle,No
2883,Email,NoBundle,No
2884,Email,NoBundle,No
2885,Email,NoBundle,No
2886,Email,NoBundle,No
2887,Email,NoBundle,No
2888,Email,NoBundle,No
2889,Email,NoBundle,No
2890,Email,NoBundle,No
2891,Email,NoBundle,No
2892,Email,NoBundle,No
2893,Email,NoBundle,No
2894,Email,NoBundle,No
2895,Email,NoBundle,No
2896,Email,NoBundle,No
2897,Email,NoBundle,No
2898,Email,NoBundle,No
2899,Email,NoBundle,No
2900,Email,NoBundle,No
2901,Email,NoBundle,No
2902,Email,NoBundle,No
2903,Email,NoBundle,No
2904,Email,NoBundle,No
2905,Email,NoBundle,No
2906,Email,NoBundle,No
2907,Email,NoBundle,No
2908,Email,NoBundle,No
2909,Email,NoBundle,No
2910,Email,NoBundle,No
2911,Email,NoBundle,No
2912,Email,NoBundle,No
2913,Email,NoBundle,No
2914,Email,NoBundle,No
2915,Email,NoBundle,No
2916,Email,NoBundle,No
2917,Email,NoBundle,No
2918,Email,NoBundle,No
2919,Email,NoBundle,No
2920,Email,NoBundle,No
2921,Email,NoBundle,No
2922,Email,NoBundle,No
2923,Email,NoBundle,No
2924,Email,NoBundle,No
2925,Email,NoBundle,No
2926,Email,NoBundle,No
2927,Email,NoBundle,No
2928,Email,NoBundle,No
2929,Email,NoBundle,No
2930,Email,NoBundle,No
2931,Email,NoBundle,No
2932,Email,NoBundle,No
2933,Email,NoBundle,No
2934,Email,NoBundle,No
2935,Email,NoBundle,No
2936,Email,NoBundle,No
2937,Email,NoBundle,No
2938,Email,NoBundle,No
2939,Email,NoBundle,No
2940,Email,NoBundle,No
2941,Email,NoBundle,No
2942,Email,NoBundle,No
2943,Email,NoBundle,No
2944,Email,NoBundle,No
2945,Email,NoBundle,No
2946,Email,NoBundle,No
2947,Email,NoBundle,No
2948,Email,NoBundle,No
2949,Email,NoBundle,No
2950,Email,NoBundle,No
2951,Email,NoBundle,No
2952,Email,NoBundle,No
2953,Email,NoBundle,No
2954,Email,NoBundle,No
2955,Email,NoBundle,No
2956,Email,NoBundle,No
2957,Email,NoBundle,No
2958,Email,NoBundle,No
2959,Email,NoBundle,No
2960,Email,NoBundle,No
2961,Email,NoBundle,No
2962,Email,NoBundle,No
2963,Email,NoBundle,No
2964,Email,NoBundle,No
2965,Email,NoBundle,No
2966,Email,NoBundle,No
2967,Email,NoBundle,No
2968,Email,NoBundle,No
2969,Email,NoBundle,No
2970,Email,NoBundle,No
2971,Email,NoBundle,No
2972,Email,NoBundle,No
2973,Email,NoBundle,No
2974,Email,NoBundle,No
2975,Email,NoBundle,No
2976,Email,NoBundle,No
2977,Email,NoBundle,No
2978,Email,NoBundle,No
2979,Email,NoBundle,No
2980,Email,NoBundle,No
2981,Email,NoBundle,No
2982,Email,NoBundle,No
2983,Email,NoBundle,No
2984,Email,NoBundle,No
2985,Email,NoBundle,No
2986,Email,NoBundle,No
2987,Email,NoBundle,No
2988,Email,NoBundle,No
2989,Email,NoBundle,No
2990,Email,NoBundle,No
2991,Email,NoBundle,No
2992,Email,NoBundle,No
2993,Email,NoBundle,No
2994,Email,NoBundle,No
2995,Email,NoBundle,No
2996,Email,NoBundle,No
2997,Email,NoBundle,No
2998,Email,NoBundle,No
2999,Email,NoBundle,No
3000,Email,NoBundle,No
3001,Email,NoBundle,No
3002,Email,NoBundle,No
3003,Email,NoBundle,No
3004,Email,NoBundle,No
3005,Email,NoBundle,No
3006,Email,NoBundle,No
3007,Email,NoBundle,No
3008,Email,NoBundle,No
3009,Email,NoBundle,No
3010,Email,NoBundle,No
3011,Email,NoBundle,No
3012,Email,NoBundle,No
3013,Email,NoBundle,No
3014,Email,NoBundle,No
3015,Email,NoBundle,No
3016,Email,NoBundle,No
3017,Email,NoBundle,No
3018,Email,NoBundle,No
3019,Email,NoBundle,No
3020,Email,NoBundle,No
3021,Email,NoBundle,No
3022,Email,NoBundle,No
3023,Email,NoBundle,No
3024,Email,NoBundle,No
3025,Email,NoBundle,No
3026,Email,NoBundle,No
3027,Email,NoBundle,No
3028,Email,NoBundle,No
3029,Email,NoBundle,No
3030,Email,NoBundle,No
3031,Email,NoBundle,No
3032,Email,NoBundle,No
3033,Email,NoBundle,No
3034,Email,NoBundle,No
3035,Email,NoBundle,No
3036,Email,NoBundle,No
3037,Email,NoBundle,No
3038,Email,NoBundle,No
3039,Email,NoBundle,No
3040,Email,NoBundle,No
3041,Email,NoBundle,No
3042,Email,NoBundle,No
3043,Email,NoBundle,No
3044,Email,NoBundle,No
3045,Email,NoBundle,No
3046,Email,NoBundle,No
3047,Email,NoBundle,No
3048,Email,NoBundle,No
3049,Email,NoBundle,No
3050,Email,NoBundle,No
3051,Email,NoBundle,No
3052,Email,NoBundle,No
3053,Email,NoBundle,No
3054,Email,NoBundle,No
3055,Email,NoBundle,No
3056,Email,NoBundle,No
3057,Email,NoBundle,No
3058,Email,NoBundle,No
3059,Email,NoBundle,No
3060,Email,NoBundle,No
3061,Email,NoBundle,No
3062,Email,NoBundle,No
3063,Email,NoBundle,No
3064,Email,NoBundle,No
3065,Email,NoBundle,No
3066,Email,NoBundle,No
3067,Email,NoBundle,No
3068,Email,NoBundle,No
3069,Email,NoBundle,No
3070,Email,NoBundle,No
3071,Email,NoBundle,No
3072,Email,NoBundle,No
3073,Email,NoBundle,No
3074,Email,NoBundle,No
3075,Email,NoBundle,No
3076,Email,NoBundle,No
3077,Email,NoBundle,No
3078,Email,NoBundle,No
3079,Email,NoBundle,No
3080,Email,NoBundle,No
3081,Email,NoBundle,No
3082,Email,NoBundle,No
3083,Email,NoBundle,No
3084,Email,NoBundle,No
3085,Email,NoBundle,No
3086,Email,NoBundle,No
3087,Email,NoBundle,No
3088,Email,NoBundle,No
3089,Email,NoBundle,No
3090,Email,NoBundle,No
3091,Email,NoBundle,No
3092,Email,NoBundle,No
3093,Email,NoBundle,No
3094,Email,NoBundle,No
3095,Email,NoBundle,No
3096,Email,NoBundle,No
3097,Email,NoBundle,No
3098,Email,NoBundle,No
3099,Email,NoBundle,No
3100,Email,NoBundle,No
3101,Email,NoBundle,No
3102,Email,NoBundle,No
3103,Email,NoBundle,No
3104,Email,NoBundle,No
3105,Email,NoBundle,No
3106,Email,NoBundle,No
3107,Email,NoBundle,No
3108,Email,NoBundle,No
3109,Email,NoBundle,No
3110,Email,NoBundle,No
3111,Email,NoBundle,No
3112,Email,NoBundle,No
3113,Email,NoBundle,No
3114,Email,NoBundle,No
3115,Email,NoBundle,No
3116,Email,NoBundle,No
3117,Email,NoBundle,No
3118,Email,NoBundle,No
3119,Email,NoBundle,No
3120,Email,NoBundle,No
3121,Email,NoBundle,No
3122,Email,NoBundle,No
3123,Email,NoBundle,No
3124,Email,NoBundle,No
3125,Email,NoBundle,No
3126,Email,NoBundle,No
3127,Email,NoBundle,No
3128,Email,NoBundle,No
3129,Email,NoBundle,No
3130,Email,NoBundle,No
3131,Email,NoBundle,No
3132,Email,NoBundle,No
3133,Email,NoBundle,No
3134,Email,NoBundle,No
3135,Email,NoBundle,No
3136,Email,NoBundle,No
3137,Email,NoBundle,No
3138,Email,NoBundle,No
3139,Email,NoBundle,No
3140,Email,NoBundle,No
3141,Email,NoBundle,No
3142,Email,NoBundle,No
3143,Email,NoBundle,No
3144,Email,NoBundle,No
3145,Email,NoBundle,No
3146,Email,NoBundle,No
3147,Email,NoBundle,No
3148,Email,NoBundle,No
3149,Email,NoBundle,No
3150,Email,NoBundle,No
3151,Email,NoBundle,No
3152,Email,NoBundle,No
3153,Email,NoBundle,No
3154,Email,NoBundle,No
3155,Email,NoBundle,No
3156,Email,NoBundle,No
